date,region,rank,char_id,name,score
2026-09-02,한국,1,character:139,엄자영,286
2026-09-02,한국,2,content:6,회귀한 색마는 정파 후기지수가 되었다,96
2026-09-02,한국,3,content:101,일진녀들과 무인도에서 살아남기,73
2026-09-02,한국,4,character:176,한가영,47
2026-09-02,한국,5,character:100,장선영,46
2026-09-02,한국,6,character:61,한나리,42
2026-09-02,한국,7,character:1,신아영,34
2026-09-02,한국,8,character:70,박다영,34
2026-09-02,한국,9,character:202,우미희,34
2026-09-02,한국,10,character:118,박채원,27
2026-09-02,한국,11,character:314,한유라,19
2026-09-02,한국,12,character:119,서민희,13
2026-09-02,한국,13,character:133,김고은,10
2026-09-02,한국,14,character:258,고유미,9
2026-09-02,한국,15,character:265,한서현,8
2026-09-02,한국,16,character:292,조민주,8
2026-09-02,한국,17,character:93,한수진,8
2026-09-02,한국,18,character:249,박유미,8
2026-09-02,한국,19,character:97,차수민,8
2026-09-02,한국,20,character:291,차진희,7
2026-09-02,한국,21,character:303,최고은,7
2026-09-02,한국,22,character:284,오유리,6
2026-09-02,한국,23,character:299,한가연,6
2026-09-02,한국,24,character:329,최진희,6
2026-09-02,한국,25,character:182,이지연,5
2026-09-02,한국,26,character:261,나연아,5
2026-09-02,한국,27,character:221,정은애,5
2026-09-02,한국,28,character:72,이예린,4
2026-09-02,한국,29,character:76,배현주,4
2026-09-02,한국,30,character:132,정소은,4
2026-09-02,한국,31,character:89,유달리,4
2026-09-02,한국,32,character:99,조미경,4
2026-09-02,한국,33,character:77,서미나,3
2026-09-02,한국,34,character:80,베르디아,3
2026-09-02,한국,35,character:91,허민,3
2026-09-02,한국,36,character:268,주서윤,3
2026-09-02,한국,37,character:255,최선영,3
2026-09-02,한국,38,character:96,정고은,3
2026-09-02,한국,39,character:177,백가인,3
2026-09-02,한국,40,character:254,이유라,3
2026-09-02,한국,41,character:78,유세하,3
2026-09-02,한국,42,character:297,이다미,2
2026-09-02,한국,43,character:60,한희진,2
2026-09-02,한국,44,character:296,김지민,2
2026-09-02,한국,45,character:62,유은희,2
2026-09-02,한국,46,character:129,은혜,2
2026-09-02,한국,47,character:71,김가을,2
2026-09-02,한국,48,character:317,피오나,2
2026-09-02,한국,49,character:8,윤혜윤,2
2026-09-02,한국,50,character:173,유소담,1
2026-09-02,한국,51,character:226,이미예,1
2026-09-02,한국,52,character:146,도지유,1
2026-09-02,일본,1,character:291,竹田千夏,44
2026-09-02,일본,2,character:133,矢野 栄子,43
2026-09-02,일본,3,character:70,坂口美帆,31
2026-09-02,일본,4,character:256,飯村香澄,29
2026-09-02,일본,5,character:74,秋山紗妃,20
2026-09-02,일본,6,character:329,竿田真由美,19
2026-09-02,일본,7,character:258,板野由美,13
2026-09-02,일본,8,character:118,坂本凪咲,12
2026-09-02,일본,9,character:97,島田美里,11
2026-09-02,일본,10,character:38,橋本美華,10
2026-09-02,일본,11,character:265,西村美嘉,10
2026-09-02,일본,12,character:293,高橋夕里,8
2026-09-02,일본,13,character:1,下北愛梨,8
2026-09-02,일본,14,character:76,保坂白雪,7
2026-09-02,일본,15,character:10000000,新庄まりな,7
2026-09-02,일본,16,character:119,藤田瑠華,6
2026-09-02,일본,17,character:100,ジャン・ソニョン,4
2026-09-02,일본,18,character:221,結城真理子,4
2026-09-02,일본,19,character:297,西本美幸,4
2026-09-02,일본,20,character:8,近藤結花,4
2026-09-02,일본,21,character:78,渡辺りん,3
2026-09-02,일본,22,character:146,堂本美結,3
2026-09-02,일본,23,character:60,橋本美優,3
2026-09-02,일본,24,character:306,清水琴葉,3
2026-09-02,일본,25,character:299,霧島真紀,3
2026-09-02,일본,26,character:235,結城飛鳥,3
2026-09-02,일본,27,character:93,市村紗季,2
2026-09-02,일본,28,character:290,浅田由麻,2
2026-09-02,일본,29,character:139,高橋真美,2
2026-09-02,일본,30,character:130,レイ,2
2026-09-02,일본,31,character:131,エリス,2
2026-09-02,일본,32,character:182,倖田梓,2
2026-09-02,일본,33,character:134,城戸さくら,2
2026-09-02,일본,34,character:61,池上朱里,2
2026-09-02,일본,35,character:176,春川霞,2
2026-09-02,일본,36,character:227,成澤澪,1
2026-09-02,일본,37,character:121,小川日奈,1
2026-09-02,일본,38,character:226,新家美絵,1
2026-09-02,일본,39,character:228,尾田光莉,1
2026-09-02,일본,40,character:292,池上彩乃,1
2026-09-02,일본,41,character:129,恩田恵奈,1
2026-09-02,일본,42,character:268,千賀苑子,1
2026-09-02,일본,43,character:162,白石祐里,1
2026-09-02,일본,44,character:77,西沢みな,1
2026-09-02,일본,45,character:170,曾川麗奈,1
2026-09-02,일본,46,character:81,セシリア,1
2026-09-02,일본,47,character:317,ピオナ,1
2026-09-02,일본,48,character:80,ベルディア,1
2026-09-02,일본,49,character:253,堤さゆり,1
2026-09-02,일본,50,character:240,菅野真美,1
2026-09-02,중화권,1,character:299,陳佳儀,19
2026-09-02,중화권,2,character:100,張善英,10
2026-09-02,중화권,3,character:61,林映純,8
2026-09-02,중화권,4,character:261,庭佳,7
2026-09-02,중화권,5,character:329,崔潔怡,7
2026-09-02,중화권,6,character:78,劉銀河,5
2026-09-02,중화권,7,character:133,簡可優,5
2026-09-02,중화권,8,character:130,蕾依,5
2026-09-02,중화권,9,character:119,徐如熙,4
2026-09-02,중화권,10,character:284,吳喬俐,3
2026-09-02,중화권,11,character:251,林筱君,2
2026-09-02,중화권,12,character:1,林依潔,2
2026-09-02,중화권,13,character:80,貝爾迪亞,2
2026-09-02,중화권,14,character:229,劉美媛,1
2026-09-02,중화권,15,character:77,徐敏娜,1
2026-09-02,중화권,16,character:174,高秀妍,1
2026-09-02,중화권,17,character:290,夏恩妮,1
2026-09-02,중화권,18,character:8,劉貞妮,1
2026-09-02,중화권,19,character:93,韓秀珍,1
2026-09-02,중화권,20,character:262,涂藝恩,1
2026-09-02,중화권,21,character:169,吳允馨,1
2026-09-02,중화권,22,character:71,林佳瑜,1
2026-09-02,중화권,23,character:256,莊若瑜,1
2026-09-02,중화권,24,character:91,許愍,1
2026-09-02,중화권,25,character:297,李多美,1
2026-09-02,중화권,26,character:235,周薇亞,1
2026-09-02,중화권,27,character:2,李舒欣,1
2026-09-02,중화권,28,character:74,何宥拉,1
2026-09-02,북미·글로벌,1,character:118,Ava Park,17
2026-09-02,북미·글로벌,2,character:77,Mi-na Seo,7
2026-09-02,북미·글로벌,3,character:314,Yu-ra Han,7
2026-09-02,북미·글로벌,4,character:263,Hye-yeon Kim,5
2026-09-02,북미·글로벌,5,character:1,Ah-yeong Shin,4
2026-09-02,북미·글로벌,6,character:100,Sun-yeong Ahn,3
2026-09-02,북미·글로벌,7,character:76,Hyun-joo Bae,3
2026-09-02,북미·글로벌,8,character:80,Belldia,3
2026-09-02,북미·글로벌,9,character:2,Soo-yeon Kang,2
2026-09-02,북미·글로벌,10,character:133,Grace Kim,2
2026-09-02,북미·글로벌,11,character:260,Hye-jeong Seo,2
2026-09-02,북미·글로벌,12,character:221,Eun-ae Cha,2
2026-09-02,북미·글로벌,13,character:318,Jin-hee Choi,1
2026-09-02,북미·글로벌,14,character:319,Emily Han,1
2026-09-02,북미·글로벌,15,character:129,Hailey Eun,1
2026-09-02,북미·글로벌,16,character:229,Jung-won Yoo,1
2026-09-02,북미·글로벌,17,character:176,Ga-yeong Han,1
2026-09-02,북미·글로벌,18,character:177,Ga-in Baik,1
2026-09-02,북미·글로벌,19,character:72,Ye-lynn Lee,1
2026-09-02,북미·글로벌,20,character:38,Chae-ah Han,1
2026-09-02,북미·글로벌,21,character:297,Erin Lee,1
2026-09-02,북미·글로벌,22,character:174,Samantha Ko,1
2026-09-02,북미·글로벌,23,character:317,Fiona Arente,1
2026-09-02,북미·글로벌,24,character:8,Hye-yun Yoon,1
2026-09-02,북미·글로벌,25,character:78,Se-ha Yoo,1
2026-09-02,북미·글로벌,26,character:249,Jessica Park,1
2026-09-02,한국,1,character:348,윤가람,198
2026-09-02,한국,2,content:101,일진녀들과 무인도에서 살아남기,90
2026-09-02,한국,3,character:139,엄자영,68
2026-09-02,한국,4,character:255,최선영,39
2026-09-02,한국,5,content:6,회귀한 색마는 정파 후기지수가 되었다,29
2026-09-02,한국,6,character:100,장선영,28
2026-09-02,한국,7,character:176,한가영,25
2026-09-02,한국,8,character:314,한유라,24
2026-09-02,한국,9,character:61,한나리,22
2026-09-02,한국,10,character:118,박채원,22
2026-09-02,한국,11,character:1,신아영,20
2026-09-02,한국,12,character:292,조민주,16
2026-09-02,한국,13,character:133,김고은,15
2026-09-02,한국,14,character:258,고유미,12
2026-09-02,한국,15,character:119,서민희,9
2026-09-02,한국,16,character:70,박다영,8
2026-09-02,한국,17,character:299,한가연,8
2026-09-02,한국,18,character:249,박유미,7
2026-09-02,한국,19,character:174,고수연,7
2026-09-02,한국,20,character:284,오유리,7
2026-09-02,한국,21,character:129,은혜,6
2026-09-02,한국,22,character:76,배현주,6
2026-09-02,한국,23,character:221,정은애,5
2026-09-02,한국,24,character:329,최진희,5
2026-09-02,한국,25,character:93,한수진,5
2026-09-02,한국,26,character:78,유세하,5
2026-09-02,한국,27,character:291,차진희,4
2026-09-02,한국,28,character:265,한서현,4
2026-09-02,한국,29,character:262,도예은,4
2026-09-02,한국,30,character:77,서미나,3
2026-09-02,한국,31,character:2,강수연,3
2026-09-02,한국,32,character:130,레이,3
2026-09-02,한국,33,character:80,베르디아,3
2026-09-02,한국,34,character:317,피오나,3
2026-09-02,한국,35,character:296,김지민,3
2026-09-02,한국,36,character:73,서나리,3
2026-09-02,한국,37,character:177,백가인,3
2026-09-02,한국,38,character:97,차수민,3
2026-09-02,한국,39,character:74,허유희,2
2026-09-02,한국,40,character:137,이선아,2
2026-09-02,한국,41,character:220,민소다,2
2026-09-02,한국,42,character:72,이예린,2
2026-09-02,한국,43,character:96,정고은,2
2026-09-02,한국,44,character:91,허민,2
2026-09-02,한국,45,character:99,조미경,2
2026-09-02,한국,46,character:235,차미아,2
2026-09-02,한국,47,character:182,이지연,2
2026-09-02,한국,48,character:303,최고은,2
2026-09-02,한국,49,character:89,유달리,1
2026-09-02,한국,50,character:173,유소담,1
2026-09-02,한국,51,character:94,박민아,1
2026-09-02,한국,52,character:316,정예솔,1
2026-09-02,일본,1,character:176,春川霞,49
2026-09-02,일본,2,character:133,矢野 栄子,41
2026-09-02,일본,3,character:1,下北愛梨,38
2026-09-02,일본,4,character:291,竹田千夏,26
2026-09-02,일본,5,character:256,飯村香澄,26
2026-09-02,일본,6,character:329,竿田真由美,22
2026-09-02,일본,7,character:265,西村美嘉,20
2026-09-02,일본,8,character:134,城戸さくら,19
2026-09-02,일본,9,character:70,坂口美帆,18
2026-09-02,일본,10,character:293,高橋夕里,10
2026-09-02,일본,11,character:297,西本美幸,10
2026-09-02,일본,12,character:78,渡辺りん,9
2026-09-02,일본,13,character:258,板野由美,8
2026-09-02,일본,14,character:118,坂本凪咲,7
2026-09-02,일본,15,character:119,藤田瑠華,6
2026-09-02,일본,16,character:38,橋本美華,5
2026-09-02,일본,17,character:299,霧島真紀,5
2026-09-02,일본,18,character:130,レイ,5
2026-09-02,일본,19,character:77,西沢みな,4
2026-09-02,일본,20,character:146,堂本美結,4
2026-09-02,일본,21,character:8,近藤結花,4
2026-09-02,일본,22,character:177,栗原愛里,3
2026-09-02,일본,23,character:60,橋本美優,3
2026-09-02,일본,24,character:94,小峰未奈,3
2026-09-02,일본,25,character:292,池上彩乃,3
2026-09-02,일본,26,character:93,市村紗季,3
2026-09-02,일본,27,character:74,秋山紗妃,3
2026-09-02,일본,28,character:264,内田莉子,2
2026-09-02,일본,29,character:290,浅田由麻,2
2026-09-02,일본,30,character:10000000,新庄まりな,2
2026-09-02,일본,31,character:81,セシリア,2
2026-09-02,일본,32,character:294,葛西陽菜乃,2
2026-09-02,일본,33,character:221,結城真理子,2
2026-09-02,일본,34,character:80,ベルディア,2
2026-09-02,일본,35,character:75,大空結衣,2
2026-09-02,일본,36,character:76,保坂白雪,2
2026-09-02,일본,37,character:97,島田美里,2
2026-09-02,일본,38,character:61,池上朱里,2
2026-09-02,일본,39,character:71,斉藤りいな,2
2026-09-02,일본,40,character:167,武田京子,1
2026-09-02,일본,41,character:170,曾川麗奈,1
2026-09-02,일본,42,character:227,成澤澪,1
2026-09-02,일본,43,character:317,ピオナ,1
2026-09-02,일본,44,character:268,千賀苑子,1
2026-09-02,일본,45,character:91,ホミン,1
2026-09-02,일본,46,character:121,小川日奈,1
2026-09-02,일본,47,character:169,金子里沙,1
2026-09-02,일본,48,character:129,恩田恵奈,1
2026-09-02,일본,49,character:100,ジャン・ソニョン,1
2026-09-02,일본,50,character:229,木村多恵,1
2026-09-02,중화권,1,character:118,白采媛,21
2026-09-02,중화권,2,character:61,林映純,14
2026-09-02,중화권,3,character:78,劉銀河,9
2026-09-02,중화권,4,character:74,何宥拉,7
2026-09-02,중화권,5,character:299,陳佳儀,6
2026-09-02,중화권,6,character:284,吳喬俐,5
2026-09-02,중화권,7,character:221,鄭恩愛,5
2026-09-02,중화권,8,character:329,崔潔怡,4
2026-09-02,중화권,9,character:100,張善英,3
2026-09-02,중화권,10,character:258,高佑美,2
2026-09-02,중화권,11,character:132,鄭韶恩,2
2026-09-02,중화권,12,character:97,王曉妤,2
2026-09-02,중화권,13,character:173,趙書婷,2
2026-09-02,중화권,14,character:169,吳允馨,1
2026-09-02,중화권,15,character:80,貝爾迪亞,1
2026-09-02,중화권,16,character:8,劉貞妮,1
2026-09-02,중화권,17,character:1,林依潔,1
2026-09-02,중화권,18,character:133,簡可優,1
2026-09-02,중화권,19,character:121,李馨婕,1
2026-09-02,중화권,20,character:303,吳悠秀,1
2026-09-02,중화권,21,character:262,涂藝恩,1
2026-09-02,중화권,22,character:62,劉小冉,1
2026-09-02,중화권,23,character:94,蔡敏雅,1
2026-09-02,중화권,24,character:77,徐敏娜,1
2026-09-02,중화권,25,character:235,周薇亞,1
2026-09-02,중화권,26,character:76,楊佳穎,1
2026-09-02,북미·글로벌,1,character:133,Grace Kim,8
2026-09-02,북미·글로벌,2,character:70,Da-yeong Park,7
2026-09-02,북미·글로벌,3,character:118,Ava Park,6
2026-09-02,북미·글로벌,4,character:71,Ga-eul Kim,3
2026-09-02,북미·글로벌,5,character:221,Eun-ae Cha,3
2026-09-02,북미·글로벌,6,character:253,Yu-ri Han,2
2026-09-02,북미·글로벌,7,character:62,Eun-hee Yu,2
2026-09-02,북미·글로벌,8,character:270,Min-joo Cho,2
2026-09-02,북미·글로벌,9,character:263,Hye-yeon Kim,2
2026-09-02,북미·글로벌,10,character:177,Ga-in Baik,1
2026-09-02,북미·글로벌,11,character:132,So-eun Jung,1
2026-09-02,북미·글로벌,12,character:182,Julia Lee,1
2026-09-02,북미·글로벌,13,character:262,Jasmine Do,1
2026-09-02,북미·글로벌,14,character:2,Soo-yeon Kang,1
2026-09-02,북미·글로벌,15,character:96,Lana Jeong,1
2026-09-02,북미·글로벌,16,character:75,Ha-ri Seo,1
2026-09-02,북미·글로벌,17,character:265,Seo-hyun Han,1
2026-09-02,북미·글로벌,18,character:139,Celine Eom,1
2026-09-02,북미·글로벌,19,character:93,Suzy Han,1
2026-09-02,북미·글로벌,20,character:235,Mi-ah Cha,1
2026-09-02,북미·글로벌,21,character:76,Hyun-joo Bae,1
2026-09-02,북미·글로벌,22,character:176,Ga-yeong Han,1
2026-09-02,북미·글로벌,23,character:60,Hee-jin Han,1
2026-09-02,북미·글로벌,24,character:280,Ah-yeong Cho,1
2026-09-02,북미·글로벌,25,character:72,Ye-lynn Lee,1
2026-09-03,한국,1,content:101,일진녀들과 무인도에서 살아남기,84
2026-09-03,한국,2,character:139,엄자영,67
2026-09-03,한국,3,character:348,윤가람,66
2026-09-03,한국,4,character:2,강수연,43
2026-09-03,한국,5,character:314,한유라,42
2026-09-03,한국,6,character:1,신아영,36
2026-09-03,한국,7,character:61,한나리,35
2026-09-03,한국,8,character:100,장선영,34
2026-09-03,한국,9,character:176,한가영,28
2026-09-03,한국,10,content:6,회귀한 색마는 정파 후기지수가 되었다,24
2026-09-03,한국,11,character:118,박채원,16
2026-09-03,한국,12,character:284,오유리,14
2026-09-03,한국,13,character:119,서민희,13
2026-09-03,한국,14,character:265,한서현,13
2026-09-03,한국,15,character:133,김고은,12
2026-09-03,한국,16,character:80,베르디아,11
2026-09-03,한국,17,character:97,차수민,10
2026-09-03,한국,18,character:258,고유미,9
2026-09-03,한국,19,character:70,박다영,8
2026-09-03,한국,20,character:292,조민주,8
2026-09-03,한국,21,character:177,백가인,7
2026-09-03,한국,22,character:221,정은애,7
2026-09-03,한국,23,character:291,차진희,7
2026-09-03,한국,24,character:182,이지연,7
2026-09-03,한국,25,character:93,한수진,6
2026-09-03,한국,26,character:249,박유미,6
2026-09-03,한국,27,character:329,최진희,6
2026-09-03,한국,28,character:228,오다현,5
2026-09-03,한국,29,character:74,허유희,5
2026-09-03,한국,30,character:146,도지유,5
2026-09-03,한국,31,character:96,정고은,4
2026-09-03,한국,32,character:229,유정원,4
2026-09-03,한국,33,character:317,피오나,4
2026-09-03,한국,34,character:170,서도연,4
2026-09-03,한국,35,character:132,정소은,4
2026-09-03,한국,36,character:134,김란,4
2026-09-03,한국,37,character:73,서나리,4
2026-09-03,한국,38,character:77,서미나,4
2026-09-03,한국,39,character:76,배현주,4
2026-09-03,한국,40,character:248,홍단비,4
2026-09-03,한국,41,character:256,김민지,4
2026-09-03,한국,42,character:72,이예린,3
2026-09-03,한국,43,character:268,주서윤,3
2026-09-03,한국,44,character:253,한유리,3
2026-09-03,한국,45,character:71,김가을,3
2026-09-03,한국,46,character:129,은혜,3
2026-09-03,한국,47,character:261,나연아,3
2026-09-03,한국,48,character:78,유세하,3
2026-09-03,한국,49,character:262,도예은,3
2026-09-03,한국,50,character:235,차미아,3
2026-09-03,한국,51,character:130,레이,3
2026-09-03,한국,52,character:99,조미경,3
2026-09-03,일본,1,character:61,池上朱里,61
2026-09-03,일본,2,character:133,矢野 栄子,58
2026-09-03,일본,3,character:1,下北愛梨,37
2026-09-03,일본,4,character:291,竹田千夏,21
2026-09-03,일본,5,character:265,西村美嘉,19
2026-09-03,일본,6,character:176,春川霞,18
2026-09-03,일본,7,character:256,飯村香澄,17
2026-09-03,일본,8,character:329,竿田真由美,12
2026-09-03,일본,9,character:297,西本美幸,11
2026-09-03,일본,10,character:258,板野由美,11
2026-09-03,일본,11,character:299,霧島真紀,10
2026-09-03,일본,12,character:38,橋本美華,8
2026-09-03,일본,13,character:119,藤田瑠華,7
2026-09-03,일본,14,character:10000000,新庄まりな,7
2026-09-03,일본,15,character:293,高橋夕里,7
2026-09-03,일본,16,character:70,坂口美帆,6
2026-09-03,일본,17,character:80,ベルディア,5
2026-09-03,일본,18,character:139,高橋真美,4
2026-09-03,일본,19,character:8,近藤結花,4
2026-09-03,일본,20,character:78,渡辺りん,4
2026-09-03,일본,21,character:118,坂本凪咲,4
2026-09-03,일본,22,character:249,桐生凪咲,4
2026-09-03,일본,23,character:146,堂本美結,3
2026-09-03,일본,24,character:129,恩田恵奈,3
2026-09-03,일본,25,character:235,結城飛鳥,3
2026-09-03,일본,26,character:76,保坂白雪,3
2026-09-03,일본,27,character:292,池上彩乃,3
2026-09-03,일본,28,character:228,尾田光莉,3
2026-09-03,일본,29,character:290,浅田由麻,2
2026-09-03,일본,30,character:100,ジャン・ソニョン,2
2026-09-03,일본,31,character:72,篠田有希子,2
2026-09-03,일본,32,character:60,橋本美優,2
2026-09-03,일본,33,character:182,倖田梓,2
2026-09-03,일본,34,character:221,結城真理子,2
2026-09-03,일본,35,character:229,木村多恵,2
2026-09-03,일본,36,character:268,千賀苑子,1
2026-09-03,일본,37,character:94,小峰未奈,1
2026-09-03,일본,38,character:162,白石祐里,1
2026-09-03,일본,39,character:2,稲場理子,1
2026-09-03,일본,40,character:77,西沢みな,1
2026-09-03,일본,41,character:226,新家美絵,1
2026-09-03,일본,42,character:295,辛嶋雅,1
2026-09-03,일본,43,character:130,レイ,1
2026-09-03,일본,44,character:167,武田京子,1
2026-09-03,일본,45,character:93,市村紗季,1
2026-09-03,일본,46,character:294,葛西陽菜乃,1
2026-09-03,일본,47,character:303,浜辺涼子,1
2026-09-03,일본,48,character:240,菅野真美,1
2026-09-03,일본,49,character:253,堤さゆり,1
2026-09-03,중화권,1,character:61,林映純,13
2026-09-03,중화권,2,character:118,白采媛,9
2026-09-03,중화권,3,character:78,劉銀河,8
2026-09-03,중화권,4,character:329,崔潔怡,8
2026-09-03,중화권,5,character:299,陳佳儀,7
2026-09-03,중화권,6,character:296,江曉婷,7
2026-09-03,중화권,7,character:100,張善英,4
2026-09-03,중화권,8,character:1,林依潔,3
2026-09-03,중화권,9,character:133,簡可優,3
2026-09-03,중화권,10,character:119,徐如熙,3
2026-09-03,중화권,11,character:258,高佑美,2
2026-09-03,중화권,12,character:306,黃恩茱,1
2026-09-03,중화권,13,character:284,吳喬俐,1
2026-09-03,중화권,14,character:99,趙美靜,1
2026-09-03,중화권,15,character:290,夏恩妮,1
2026-09-03,중화권,16,character:317,費歐娜,1
2026-09-03,중화권,17,character:229,劉美媛,1
2026-09-03,중화권,18,character:132,鄭韶恩,1
2026-09-03,중화권,19,character:251,林筱君,1
2026-09-03,중화권,20,character:297,李多美,1
2026-09-03,중화권,21,character:8,劉貞妮,1
2026-09-03,중화권,22,character:177,白佳貞,1
2026-09-03,중화권,23,character:74,何宥拉,1
2026-09-03,중화권,24,character:167,林淑靜,1
2026-09-03,중화권,25,character:76,楊佳穎,1
2026-09-03,중화권,26,character:73,徐娜莉,1
2026-09-03,중화권,27,character:72,陳鈺琳,1
2026-09-03,중화권,28,character:235,周薇亞,1
2026-09-03,중화권,29,character:71,林佳瑜,1
2026-09-03,중화권,30,character:170,徐筱妍,1
2026-09-03,중화권,31,character:60,詹希橙,1
2026-09-03,중화권,32,character:62,劉小冉,1
2026-09-03,북미·글로벌,1,character:506,Runa,6
2026-09-03,북미·글로벌,2,character:119,Roxy Seo,4
2026-09-03,북미·글로벌,3,character:75,Ha-ri Seo,3
2026-09-03,북미·글로벌,4,character:227,Yuna Sung,3
2026-09-03,북미·글로벌,5,character:72,Ye-lynn Lee,3
2026-09-03,북미·글로벌,6,character:71,Ga-eul Kim,2
2026-09-03,북미·글로벌,7,character:318,Jin-hee Choi,2
2026-09-03,북미·글로벌,8,character:263,Hye-yeon Kim,2
2026-09-03,북미·글로벌,9,character:118,Ava Park,2
2026-09-03,북미·글로벌,10,character:249,Jessica Park,2
2026-09-03,북미·글로벌,11,character:297,Erin Lee,2
2026-09-03,북미·글로벌,12,character:265,Seo-hyun Han,2
2026-09-03,북미·글로벌,13,character:262,Jasmine Do,1
2026-09-03,북미·글로벌,14,character:78,Se-ha Yoo,1
2026-09-03,북미·글로벌,15,character:253,Yu-ri Han,1
2026-09-03,북미·글로벌,16,character:74,Yu-hee Heo,1
2026-09-03,북미·글로벌,17,character:167,Hyun-jung Choi,1
2026-09-03,북미·글로벌,18,character:70,Da-yeong Park,1
2026-09-03,북미·글로벌,19,character:236,Sae-bom Han,1
2026-09-03,북미·글로벌,20,character:229,Jung-won Yoo,1
2026-09-03,북미·글로벌,21,character:268,Sarah Joo,1
2026-09-03,북미·글로벌,22,character:182,Julia Lee,1
2026-09-03,북미·글로벌,23,character:286,Jane Kim,1
2026-09-03,북미·글로벌,24,character:132,So-eun Jung,1
2026-09-03,북미·글로벌,25,character:146,Samantha Do,1
2026-09-03,북미·글로벌,26,character:248,Dan-bi Hong,1
2026-09-03,북미·글로벌,27,character:130,Ray,1
2026-09-03,북미·글로벌,28,character:221,Eun-ae Cha,1
2026-09-03,북미·글로벌,29,character:280,Ah-yeong Cho,1
2026-09-04,한국,1,character:522,금보라,248
2026-09-04,한국,2,content:101,일진녀들과 무인도에서 살아남기,72
2026-09-04,한국,3,character:139,엄자영,55
2026-09-04,한국,4,character:260,서혜정,46
2026-09-04,한국,5,character:100,장선영,43
2026-09-04,한국,6,character:1,신아영,37
2026-09-04,한국,7,content:6,회귀한 색마는 정파 후기지수가 되었다,34
2026-09-04,한국,8,character:348,윤가람,31
2026-09-04,한국,9,character:314,한유라,30
2026-09-04,한국,10,character:61,한나리,21
2026-09-04,한국,11,character:133,김고은,18
2026-09-04,한국,12,character:118,박채원,13
2026-09-04,한국,13,character:284,오유리,13
2026-09-04,한국,14,character:70,박다영,12
2026-09-04,한국,15,character:256,김민지,10
2026-09-04,한국,16,character:176,한가영,10
2026-09-04,한국,17,character:97,차수민,9
2026-09-04,한국,18,character:292,조민주,8
2026-09-04,한국,19,character:99,조미경,8
2026-09-04,한국,20,character:299,한가연,8
2026-09-04,한국,21,character:249,박유미,7
2026-09-04,한국,22,character:119,서민희,7
2026-09-04,한국,23,character:221,정은애,7
2026-09-04,한국,24,character:258,고유미,7
2026-09-04,한국,25,character:93,한수진,6
2026-09-04,한국,26,character:329,최진희,6
2026-09-04,한국,27,character:291,차진희,6
2026-09-04,한국,28,character:296,김지민,6
2026-09-04,한국,29,character:182,이지연,6
2026-09-04,한국,30,character:74,허유희,5
2026-09-04,한국,31,character:71,김가을,5
2026-09-04,한국,32,character:154,곽도임,4
2026-09-04,한국,33,character:297,이다미,4
2026-09-04,한국,34,character:268,주서윤,4
2026-09-04,한국,35,character:290,박소민,4
2026-09-04,한국,36,character:262,도예은,4
2026-09-04,한국,37,character:72,이예린,4
2026-09-04,한국,38,character:80,베르디아,4
2026-09-04,한국,39,character:177,백가인,4
2026-09-04,한국,40,character:229,유정원,4
2026-09-04,한국,41,character:170,서도연,4
2026-09-04,한국,42,character:265,한서현,4
2026-09-04,한국,43,character:77,서미나,4
2026-09-04,한국,44,character:132,정소은,3
2026-09-04,한국,45,character:78,유세하,3
2026-09-04,한국,46,character:94,박민아,3
2026-09-04,한국,47,character:169,김윤아,3
2026-09-04,한국,48,character:226,이미예,3
2026-09-04,한국,49,character:261,나연아,3
2026-09-04,한국,50,character:76,배현주,2
2026-09-04,일본,1,content:102,ヤンキー女子たちと無人島で生き残る,120
2026-09-04,일본,2,character:133,矢野 栄子,44
2026-09-04,일본,3,character:1,下北愛梨,38
2026-09-04,일본,4,character:227,成澤澪,25
2026-09-04,일본,5,character:291,竹田千夏,24
2026-09-04,일본,6,character:256,飯村香澄,21
2026-09-04,일본,7,character:265,西村美嘉,20
2026-09-04,일본,8,character:329,竿田真由美,20
2026-09-04,일본,9,character:38,橋本美華,12
2026-09-04,일본,10,character:297,西本美幸,12
2026-09-04,일본,11,character:176,春川霞,7
2026-09-04,일본,12,character:258,板野由美,6
2026-09-04,일본,13,character:299,霧島真紀,5
2026-09-04,일본,14,character:8,近藤結花,5
2026-09-04,일본,15,character:76,保坂白雪,4
2026-09-04,일본,16,character:317,ピオナ,4
2026-09-04,일본,17,character:61,池上朱里,4
2026-09-04,일본,18,character:97,島田美里,3
2026-09-04,일본,19,character:60,橋本美優,3
2026-09-04,일본,20,character:93,市村紗季,3
2026-09-04,일본,21,character:293,高橋夕里,3
2026-09-04,일본,22,character:10000000,新庄まりな,3
2026-09-04,일본,23,character:78,渡辺りん,3
2026-09-04,일본,24,character:235,結城飛鳥,3
2026-09-04,일본,25,character:249,桐生凪咲,3
2026-09-04,일본,26,character:130,レイ,2
2026-09-04,일본,27,character:80,ベルディア,2
2026-09-04,일본,28,character:174,郷田千尋,2
2026-09-04,일본,29,character:295,辛嶋雅,2
2026-09-04,일본,30,character:292,池上彩乃,2
2026-09-04,일본,31,character:165,伊延蒼空,2
2026-09-04,일본,32,character:118,坂本凪咲,2
2026-09-04,일본,33,character:268,千賀苑子,2
2026-09-04,일본,34,character:70,坂口美帆,2
2026-09-04,일본,35,character:119,藤田瑠華,2
2026-09-04,일본,36,character:71,斉藤りいな,2
2026-09-04,일본,37,character:226,新家美絵,2
2026-09-04,일본,38,character:264,内田莉子,2
2026-09-04,일본,39,character:73,大空奈緒,1
2026-09-04,일본,40,character:182,倖田梓,1
2026-09-04,일본,41,character:167,武田京子,1
2026-09-04,일본,42,character:240,菅野真美,1
2026-09-04,일본,43,character:2,稲場理子,1
2026-09-04,일본,44,character:303,浜辺涼子,1
2026-09-04,일본,45,character:146,堂本美結,1
2026-09-04,일본,46,character:77,西沢みな,1
2026-09-04,일본,47,character:62,金澤智佳,1
2026-09-04,일본,48,character:316,青木里香,1
2026-09-04,일본,49,character:96,月城乃愛,1
2026-09-04,일본,50,character:254,井口由良,1
2026-09-04,중화권,1,character:70,江郁涵,21
2026-09-04,중화권,2,character:61,林映純,18
2026-09-04,중화권,3,character:119,徐如熙,10
2026-09-04,중화권,4,character:118,白采媛,6
2026-09-04,중화권,5,character:299,陳佳儀,6
2026-09-04,중화권,6,character:202,吳美熙,5
2026-09-04,중화권,7,character:1,林依潔,5
2026-09-04,중화권,8,character:284,吳喬俐,4
2026-09-04,중화권,9,character:96,鄭高恩,3
2026-09-04,중화권,10,character:297,李多美,3
2026-09-04,중화권,11,character:133,簡可優,3
2026-09-04,중화권,12,character:129,殷霏,2
2026-09-04,중화권,13,character:329,崔潔怡,2
2026-09-04,중화권,14,character:76,楊佳穎,2
2026-09-04,중화권,15,character:71,林佳瑜,2
2026-09-04,중화권,16,character:306,黃恩茱,2
2026-09-04,중화권,17,character:80,貝爾迪亞,2
2026-09-04,중화권,18,character:162,黃幼涵,1
2026-09-04,중화권,19,character:2,李舒欣,1
2026-09-04,중화권,20,character:78,劉銀河,1
2026-09-04,중화권,21,character:75,徐荷莉,1
2026-09-04,중화권,22,character:154,郭度琳,1
2026-09-04,중화권,23,character:258,高佑美,1
2026-09-04,중화권,24,character:296,江曉婷,1
2026-09-04,중화권,25,character:100,張善英,1
2026-09-04,중화권,26,character:236,韓春媛,1
2026-09-04,중화권,27,character:169,吳允馨,1
2026-09-04,중화권,28,character:240,李芳婷,1
2026-09-04,중화권,29,character:221,鄭恩愛,1
2026-09-04,중화권,30,character:262,涂藝恩,1
2026-09-04,중화권,31,character:229,劉美媛,1
2026-09-04,북미·글로벌,1,character:139,Celine Eom,12
2026-09-04,북미·글로벌,2,character:133,Grace Kim,7
2026-09-04,북미·글로벌,3,character:132,So-eun Jung,2
2026-09-04,북미·글로벌,4,character:235,Mi-ah Cha,2
2026-09-04,북미·글로벌,5,character:280,Ah-yeong Cho,2
2026-09-04,북미·글로벌,6,character:296,Ji-min Kim,2
2026-09-04,북미·글로벌,7,character:177,Ga-in Baik,2
2026-09-04,북미·글로벌,8,character:38,Chae-ah Han,2
2026-09-04,북미·글로벌,9,character:118,Ava Park,2
2026-09-04,북미·글로벌,10,character:258,Yara Ko,2
2026-09-04,북미·글로벌,11,character:281,Yeon-ah Na,1
2026-09-04,북미·글로벌,12,character:506,Runa,1
2026-09-04,북미·글로벌,13,character:167,Hyun-jung Choi,1
2026-09-04,북미·글로벌,14,character:61,Na-ri Han,1
2026-09-04,북미·글로벌,15,character:76,Hyun-joo Bae,1
2026-09-04,북미·글로벌,16,character:226,Melissa Lee,1
2026-09-04,북미·글로벌,17,character:284,Yulia Oh,1
2026-09-04,북미·글로벌,18,character:221,Eun-ae Cha,1
2026-09-04,북미·글로벌,19,character:8,Hye-yun Yoon,1
2026-09-04,북미·글로벌,20,character:77,Mi-na Seo,1
2026-09-04,북미·글로벌,21,character:60,Hee-jin Han,1
2026-09-04,북미·글로벌,22,character:71,Ga-eul Kim,1
2026-09-04,북미·글로벌,23,character:119,Roxy Seo,1
2026-09-05,한국,1,character:129,은혜,292
2026-09-05,한국,2,character:522,금보라,92
2026-09-05,한국,3,character:100,장선영,84
2026-09-05,한국,4,content:101,일진녀들과 무인도에서 살아남기,56
2026-09-05,한국,5,character:61,한나리,49
2026-09-05,한국,6,character:139,엄자영,48
2026-09-05,한국,7,character:130,레이,36
2026-09-05,한국,8,character:1,신아영,35
2026-09-05,한국,9,character:348,윤가람,28
2026-09-05,한국,10,content:6,회귀한 색마는 정파 후기지수가 되었다,25
2026-09-05,한국,11,character:176,한가영,22
2026-09-05,한국,12,character:314,한유라,20
2026-09-05,한국,13,character:118,박채원,19
2026-09-05,한국,14,character:132,정소은,19
2026-09-05,한국,15,character:292,조민주,17
2026-09-05,한국,16,character:133,김고은,15
2026-09-05,한국,17,character:258,고유미,14
2026-09-05,한국,18,character:70,박다영,14
2026-09-05,한국,19,character:93,한수진,11
2026-09-05,한국,20,character:119,서민희,10
2026-09-05,한국,21,character:97,차수민,10
2026-09-05,한국,22,character:262,도예은,10
2026-09-05,한국,23,character:265,한서현,8
2026-09-05,한국,24,character:297,이다미,8
2026-09-05,한국,25,character:299,한가연,7
2026-09-05,한국,26,character:177,백가인,7
2026-09-05,한국,27,character:268,주서윤,7
2026-09-05,한국,28,character:73,서나리,6
2026-09-05,한국,29,character:291,차진희,6
2026-09-05,한국,30,character:229,유정원,6
2026-09-05,한국,31,character:221,정은애,6
2026-09-05,한국,32,character:284,오유리,5
2026-09-05,한국,33,character:80,베르디아,5
2026-09-05,한국,34,character:329,최진희,5
2026-09-05,한국,35,character:72,이예린,5
2026-09-05,한국,36,character:317,피오나,5
2026-09-05,한국,37,character:170,서도연,5
2026-09-05,한국,38,character:296,김지민,5
2026-09-05,한국,39,character:76,배현주,4
2026-09-05,한국,40,character:146,도지유,4
2026-09-05,한국,41,character:173,유소담,4
2026-09-05,한국,42,character:89,유달리,4
2026-09-05,한국,43,character:256,김민지,4
2026-09-05,한국,44,character:74,허유희,3
2026-09-05,한국,45,character:8,윤혜윤,3
2026-09-05,한국,46,character:290,박소민,3
2026-09-05,한국,47,character:249,박유미,3
2026-09-05,한국,48,character:71,김가을,3
2026-09-05,한국,49,character:134,김란,3
2026-09-05,한국,50,character:202,우미희,3
2026-09-05,일본,1,content:102,ヤンキー女子たちと無人島で生き残る,61
2026-09-05,일본,2,character:139,高橋真美,54
2026-09-05,일본,3,character:133,矢野 栄子,53
2026-09-05,일본,4,character:1,下北愛梨,36
2026-09-05,일본,5,character:170,曾川麗奈,30
2026-09-05,일본,6,character:291,竹田千夏,29
2026-09-05,일본,7,character:256,飯村香澄,22
2026-09-05,일본,8,character:329,竿田真由美,20
2026-09-05,일본,9,character:265,西村美嘉,14
2026-09-05,일본,10,character:297,西本美幸,11
2026-09-05,일본,11,character:176,春川霞,9
2026-09-05,일본,12,character:258,板野由美,8
2026-09-05,일본,13,character:294,葛西陽菜乃,8
2026-09-05,일본,14,character:38,橋本美華,8
2026-09-05,일본,15,character:60,橋本美優,7
2026-09-05,일본,16,character:10000000,新庄まりな,6
2026-09-05,일본,17,character:293,高橋夕里,6
2026-09-05,일본,18,character:130,レイ,5
2026-09-05,일본,19,character:146,堂本美結,5
2026-09-05,일본,20,character:2,稲場理子,4
2026-09-05,일본,21,character:177,栗原愛里,4
2026-09-05,일본,22,character:94,小峰未奈,4
2026-09-05,일본,23,character:76,保坂白雪,4
2026-09-05,일본,24,character:97,島田美里,4
2026-09-05,일본,25,character:299,霧島真紀,3
2026-09-05,일본,26,character:129,恩田恵奈,3
2026-09-05,일본,27,character:61,池上朱里,3
2026-09-05,일본,28,character:182,倖田梓,3
2026-09-05,일본,29,character:71,斉藤りいな,3
2026-09-05,일본,30,character:262,稲村玲華,3
2026-09-05,일본,31,character:119,藤田瑠華,3
2026-09-05,일본,32,character:80,ベルディア,3
2026-09-05,일본,33,character:99,日向春香,3
2026-09-05,일본,34,character:317,ピオナ,2
2026-09-05,일본,35,character:290,浅田由麻,2
2026-09-05,일본,36,character:118,坂本凪咲,2
2026-09-05,일본,37,character:292,池上彩乃,2
2026-09-05,일본,38,character:8,近藤結花,2
2026-09-05,일본,39,character:167,武田京子,2
2026-09-05,일본,40,character:77,西沢みな,2
2026-09-05,일본,41,character:93,市村紗季,2
2026-09-05,일본,42,character:253,堤さゆり,2
2026-09-05,일본,43,character:316,青木里香,1
2026-09-05,일본,44,character:165,伊延蒼空,1
2026-09-05,일본,45,character:72,篠田有希子,1
2026-09-05,일본,46,character:100,ジャン・ソニョン,1
2026-09-05,일본,47,character:121,小川日奈,1
2026-09-05,일본,48,character:221,結城真理子,1
2026-09-05,일본,49,character:81,セシリア,1
2026-09-05,일본,50,character:249,桐生凪咲,1
2026-09-05,중화권,1,character:61,林映純,15
2026-09-05,중화권,2,character:268,趙書允,14
2026-09-05,중화권,3,character:1,林依潔,13
2026-09-05,중화권,4,character:176,江茹萱,13
2026-09-05,중화권,5,character:118,白采媛,9
2026-09-05,중화권,6,character:70,江郁涵,9
2026-09-05,중화권,7,character:133,簡可優,5
2026-09-05,중화권,8,character:258,高佑美,5
2026-09-05,중화권,9,character:297,李多美,4
2026-09-05,중화권,10,character:329,崔潔怡,4
2026-09-05,중화권,11,character:100,張善英,4
2026-09-05,중화권,12,character:284,吳喬俐,3
2026-09-05,중화권,13,character:299,陳佳儀,3
2026-09-05,중화권,14,character:77,徐敏娜,3
2026-09-05,중화권,15,character:229,劉美媛,3
2026-09-05,중화권,16,character:174,高秀妍,3
2026-09-05,중화권,17,character:119,徐如熙,3
2026-09-05,중화권,18,character:167,林淑靜,2
2026-09-05,중화권,19,character:97,王曉妤,2
2026-09-05,중화권,20,character:38,詹苡葳,2
2026-09-05,중화권,21,character:226,李美英,2
2026-09-05,중화권,22,character:261,庭佳,1
2026-09-05,중화권,23,character:303,吳悠秀,1
2026-09-05,중화권,24,character:76,楊佳穎,1
2026-09-05,중화권,25,character:80,貝爾迪亞,1
2026-09-05,중화권,26,character:221,鄭恩愛,1
2026-09-05,중화권,27,character:78,劉銀河,1
2026-09-05,중화권,28,character:121,李馨婕,1
2026-09-05,중화권,29,character:170,徐筱妍,1
2026-09-05,중화권,30,character:99,趙美靜,1
2026-09-05,중화권,31,character:228,吳心語,1
2026-09-05,중화권,32,character:72,陳鈺琳,1
2026-09-05,중화권,33,character:235,周薇亞,1
2026-09-05,중화권,34,character:269,徐幼珍,1
2026-09-05,중화권,35,character:254,李宥利,1
2026-09-05,중화권,36,character:130,蕾依,1
2026-09-05,중화권,37,character:220,閔韶多,1
2026-09-05,중화권,38,character:248,洪丹菲,1
2026-09-05,중화권,39,character:251,林筱君,1
2026-09-05,중화권,40,character:256,莊若瑜,1
2026-09-05,중화권,41,character:169,吳允馨,1
2026-09-05,중화권,42,character:273,潘惠媛,1
2026-09-05,중화권,43,character:316,鄭豫佳,1
2026-09-05,중화권,44,character:137,李瑄雅,1
2026-09-05,중화권,45,character:173,趙書婷,1
2026-09-05,중화권,46,character:262,涂藝恩,1
2026-09-05,중화권,47,character:2,李舒欣,1
2026-09-05,중화권,48,character:8,劉貞妮,1
2026-09-05,중화권,49,character:75,徐荷莉,1
2026-09-05,북미·글로벌,1,character:507,So-hee Yoo,5
2026-09-05,북미·글로벌,2,character:76,Hyun-joo Bae,5
2026-09-05,북미·글로벌,3,character:221,Eun-ae Cha,5
2026-09-05,북미·글로벌,4,character:296,Ji-min Kim,4
2026-09-05,북미·글로벌,5,character:70,Da-yeong Park,4
2026-09-05,북미·글로벌,6,character:77,Mi-na Seo,4
2026-09-05,북미·글로벌,7,character:118,Ava Park,3
2026-09-05,북미·글로벌,8,character:133,Grace Kim,3
2026-09-05,북미·글로벌,9,character:283,Alice Cha,2
2026-09-05,북미·글로벌,10,character:139,Celine Eom,2
2026-09-05,북미·글로벌,11,character:226,Melissa Lee,2
2026-09-05,북미·글로벌,12,character:235,Mi-ah Cha,2
2026-09-05,북미·글로벌,13,character:265,Seo-hyun Han,2
2026-09-05,북미·글로벌,14,character:97,Su-min Cha,2
2026-09-05,북미·글로벌,15,character:38,Chae-ah Han,2
2026-09-05,북미·글로벌,16,character:281,Yeon-ah Na,2
2026-09-05,북미·글로벌,17,character:72,Ye-lynn Lee,2
2026-09-05,북미·글로벌,18,character:314,Yu-ra Han,2
2026-09-05,북미·글로벌,19,character:78,Se-ha Yoo,1
2026-09-05,북미·글로벌,20,character:229,Jung-won Yoo,1
2026-09-05,북미·글로벌,21,character:1,Ah-yeong Shin,1
2026-09-05,북미·글로벌,22,character:162,Yu-ri Baek,1
2026-09-05,북미·글로벌,23,character:60,Hee-jin Han,1
2026-09-05,북미·글로벌,24,character:130,Ray,1
2026-09-05,북미·글로벌,25,character:131,Alice,1
2026-09-05,북미·글로벌,26,character:268,Sarah Joo,1
2026-09-05,북미·글로벌,27,character:100,Sun-yeong Ahn,1
2026-09-05,북미·글로벌,28,character:62,Eun-hee Yu,1
2026-09-05,북미·글로벌,29,character:506,Runa,1
2026-09-05,북미·글로벌,30,character:154,Do-im Gwak,1
2026-09-05,북미·글로벌,31,character:280,Ah-yeong Cho,1
2026-09-05,북미·글로벌,32,character:81,Cecilia,1
2026-09-05,북미·글로벌,33,character:134,Ran Kim,1
2026-09-05,북미·글로벌,34,character:119,Roxy Seo,1
2026-09-06,한국,1,character:315,다희,291
2026-09-06,한국,2,character:129,은혜,84
2026-09-06,한국,3,character:174,고수연,64
2026-09-06,한국,4,character:522,금보라,51
2026-09-06,한국,5,character:139,엄자영,39
2026-09-06,한국,6,character:100,장선영,34
2026-09-06,한국,7,content:101,일진녀들과 무인도에서 살아남기,31
2026-09-06,한국,8,character:61,한나리,30
2026-09-06,한국,9,character:1,신아영,29
2026-09-06,한국,10,character:314,한유라,21
2026-09-06,한국,11,character:348,윤가람,14
2026-09-06,한국,12,content:6,회귀한 색마는 정파 후기지수가 되었다,13
2026-09-06,한국,13,character:133,김고은,11
2026-09-06,한국,14,character:176,한가영,10
2026-09-06,한국,15,character:70,박다영,9
2026-09-06,한국,16,character:258,고유미,9
2026-09-06,한국,17,character:118,박채원,9
2026-09-06,한국,18,character:97,차수민,8
2026-09-06,한국,19,character:292,조민주,7
2026-09-06,한국,20,character:262,도예은,6
2026-09-06,한국,21,character:256,김민지,6
2026-09-06,한국,22,character:248,홍단비,6
2026-09-06,한국,23,character:296,김지민,6
2026-09-06,한국,24,character:329,최진희,6
2026-09-06,한국,25,character:72,이예린,6
2026-09-06,한국,26,character:93,한수진,6
2026-09-06,한국,27,character:99,조미경,5
2026-09-06,한국,28,character:297,이다미,5
2026-09-06,한국,29,character:268,주서윤,5
2026-09-06,한국,30,character:119,서민희,5
2026-09-06,한국,31,character:229,유정원,4
2026-09-06,한국,32,character:284,오유리,4
2026-09-06,한국,33,character:240,이소희,4
2026-09-06,한국,34,character:71,김가을,4
2026-09-06,한국,35,character:76,배현주,4
2026-09-06,한국,36,character:265,한서현,4
2026-09-06,한국,37,character:249,박유미,3
2026-09-06,한국,38,character:8,윤혜윤,3
2026-09-06,한국,39,character:94,박민아,3
2026-09-06,한국,40,character:177,백가인,3
2026-09-06,한국,41,character:73,서나리,3
2026-09-06,한국,42,character:62,유은희,3
2026-09-06,한국,43,character:154,곽도임,3
2026-09-06,한국,44,character:299,한가연,3
2026-09-06,한국,45,character:290,박소민,3
2026-09-06,한국,46,character:253,한유리,3
2026-09-06,한국,47,character:80,베르디아,3
2026-09-06,한국,48,character:38,한채아,3
2026-09-06,한국,49,character:291,차진희,3
2026-09-06,한국,50,character:182,이지연,3
2026-09-06,일본,1,content:102,ヤンキー女子たちと無人島で生き残る,40
2026-09-06,일본,2,character:133,矢野 栄子,30
2026-09-06,일본,3,character:1,下北愛梨,23
2026-09-06,일본,4,character:139,高橋真美,20
2026-09-06,일본,5,character:256,飯村香澄,19
2026-09-06,일본,6,character:167,武田京子,19
2026-09-06,일본,7,character:348,ユン・カラム,16
2026-09-06,일본,8,character:329,竿田真由美,12
2026-09-06,일본,9,character:291,竹田千夏,12
2026-09-06,일본,10,character:265,西村美嘉,10
2026-09-06,일본,11,character:38,橋本美華,9
2026-09-06,일본,12,character:297,西本美幸,8
2026-09-06,일본,13,character:293,高橋夕里,7
2026-09-06,일본,14,character:97,島田美里,5
2026-09-06,일본,15,character:299,霧島真紀,5
2026-09-06,일본,16,character:176,春川霞,4
2026-09-06,일본,17,character:119,藤田瑠華,4
2026-09-06,일본,18,character:70,坂口美帆,4
2026-09-06,일본,19,character:268,千賀苑子,4
2026-09-06,일본,20,character:130,レイ,4
2026-09-06,일본,21,character:78,渡辺りん,3
2026-09-06,일본,22,character:118,坂本凪咲,3
2026-09-06,일본,23,character:290,浅田由麻,3
2026-09-06,일본,24,character:94,小峰未奈,3
2026-09-06,일본,25,character:77,西沢みな,3
2026-09-06,일본,26,character:249,桐生凪咲,3
2026-09-06,일본,27,character:254,井口由良,3
2026-09-06,일본,28,character:221,結城真理子,3
2026-09-06,일본,29,character:162,白石祐里,2
2026-09-06,일본,30,character:129,恩田恵奈,2
2026-09-06,일본,31,character:317,ピオナ,2
2026-09-06,일본,32,character:257,園田千里,2
2026-09-06,일본,33,character:262,稲村玲華,2
2026-09-06,일본,34,character:165,伊延蒼空,2
2026-09-06,일본,35,character:93,市村紗季,2
2026-09-06,일본,36,character:170,曾川麗奈,2
2026-09-06,일본,37,character:258,板野由美,2
2026-09-06,일본,38,character:177,栗原愛里,2
2026-09-06,일본,39,character:2,稲場理子,2
2026-09-06,일본,40,character:235,結城飛鳥,1
2026-09-06,일본,41,character:131,エリス,1
2026-09-06,일본,42,character:303,浜辺涼子,1
2026-09-06,일본,43,character:73,大空奈緒,1
2026-09-06,일본,44,character:306,清水琴葉,1
2026-09-06,일본,45,character:228,尾田光莉,1
2026-09-06,일본,46,character:80,ベルディア,1
2026-09-06,일본,47,character:91,ホミン,1
2026-09-06,일본,48,character:62,金澤智佳,1
2026-09-06,일본,49,character:264,内田莉子,1
2026-09-06,일본,50,character:76,保坂白雪,1
2026-09-06,중화권,1,character:61,林映純,17
2026-09-06,중화권,2,character:177,白佳貞,11
2026-09-06,중화권,3,character:176,江茹萱,9
2026-09-06,중화권,4,character:70,江郁涵,7
2026-09-06,중화권,5,character:118,白采媛,5
2026-09-06,중화권,6,character:299,陳佳儀,4
2026-09-06,중화권,7,character:258,高佑美,3
2026-09-06,중화권,8,character:229,劉美媛,3
2026-09-06,중화권,9,character:133,簡可優,3
2026-09-06,중화권,10,character:1,林依潔,3
2026-09-06,중화권,11,character:80,貝爾迪亞,3
2026-09-06,중화권,12,character:73,徐娜莉,2
2026-09-06,중화권,13,character:221,鄭恩愛,2
2026-09-06,중화권,14,character:97,王曉妤,2
2026-09-06,중화권,15,character:100,張善英,2
2026-09-06,중화권,16,character:297,李多美,2
2026-09-06,중화권,17,character:303,吳悠秀,2
2026-09-06,중화권,18,character:38,詹苡葳,1
2026-09-06,중화권,19,character:77,徐敏娜,1
2026-09-06,중화권,20,character:329,崔潔怡,1
2026-09-06,중화권,21,character:76,楊佳穎,1
2026-09-06,중화권,22,character:273,潘惠媛,1
2026-09-06,중화권,23,character:96,鄭高恩,1
2026-09-06,중화권,24,character:251,林筱君,1
2026-09-06,중화권,25,character:71,林佳瑜,1
2026-09-06,중화권,26,character:202,吳美熙,1
2026-09-06,중화권,27,character:132,鄭韶恩,1
2026-09-06,중화권,28,character:235,周薇亞,1
2026-09-06,중화권,29,character:262,涂藝恩,1
2026-09-06,중화권,30,character:268,趙書允,1
2026-09-06,중화권,31,character:173,趙書婷,1
2026-09-06,중화권,32,character:74,何宥拉,1
2026-09-06,중화권,33,character:290,夏恩妮,1
2026-09-06,북미·글로벌,1,content:101,Stranded on a Desert Island With My Bullies,7
2026-09-06,북미·글로벌,2,character:139,Celine Eom,6
2026-09-06,북미·글로벌,3,character:221,Eun-ae Cha,5
2026-09-06,북미·글로벌,4,character:2,Soo-yeon Kang,4
2026-09-06,북미·글로벌,5,character:296,Ji-min Kim,4
2026-09-06,북미·글로벌,6,character:507,So-hee Yoo,4
2026-09-06,북미·글로벌,7,character:1,Ah-yeong Shin,3
2026-09-06,북미·글로벌,8,character:118,Ava Park,2
2026-09-06,북미·글로벌,9,character:119,Roxy Seo,2
2026-09-06,북미·글로벌,10,character:76,Hyun-joo Bae,2
2026-09-06,북미·글로벌,11,character:89,Darla Yoo,1
2026-09-06,북미·글로벌,12,character:97,Su-min Cha,1
2026-09-06,북미·글로벌,13,character:38,Chae-ah Han,1
2026-09-06,북미·글로벌,14,character:93,Suzy Han,1
2026-09-06,북미·글로벌,15,character:318,Jin-hee Choi,1
2026-09-06,북미·글로벌,16,character:281,Yeon-ah Na,1
2026-09-06,북미·글로벌,17,character:8,Hye-yun Yoon,1
2026-09-06,북미·글로벌,18,character:70,Da-yeong Park,1
2026-09-06,북미·글로벌,19,character:133,Grace Kim,1
2026-09-06,북미·글로벌,20,character:280,Ah-yeong Cho,1
2026-09-06,북미·글로벌,21,character:249,Jessica Park,1
2026-09-06,북미·글로벌,22,character:130,Ray,1
2026-09-07,한국,1,content:105,밀프 아일랜드 우리 아내는 안 넘어갑니다,205
2026-09-07,한국,2,character:315,다희,104
2026-09-07,한국,3,character:297,이다미,62
2026-09-07,한국,4,character:100,장선영,44
2026-09-07,한국,5,character:129,은혜,40
2026-09-07,한국,6,character:139,엄자영,28
2026-09-07,한국,7,character:314,한유라,28
2026-09-07,한국,8,character:61,한나리,23
2026-09-07,한국,9,character:522,금보라,19
2026-09-07,한국,10,character:1,신아영,18
2026-09-07,한국,11,character:348,윤가람,13
2026-09-07,한국,12,content:101,일진녀들과 무인도에서 살아남기,13
2026-09-07,한국,13,character:118,박채원,12
2026-09-07,한국,14,content:6,회귀한 색마는 정파 후기지수가 되었다,12
2026-09-07,한국,15,character:133,김고은,10
2026-09-07,한국,16,character:290,박소민,9
2026-09-07,한국,17,character:93,한수진,8
2026-09-07,한국,18,character:221,정은애,8
2026-09-07,한국,19,character:97,차수민,7
2026-09-07,한국,20,character:258,고유미,7
2026-09-07,한국,21,character:176,한가영,7
2026-09-07,한국,22,character:119,서민희,6
2026-09-07,한국,23,character:70,박다영,6
2026-09-07,한국,24,character:76,배현주,6
2026-09-07,한국,25,character:96,정고은,5
2026-09-07,한국,26,character:235,차미아,5
2026-09-07,한국,27,character:296,김지민,5
2026-09-07,한국,28,character:72,이예린,5
2026-09-07,한국,29,character:292,조민주,5
2026-09-07,한국,30,character:89,유달리,4
2026-09-07,한국,31,character:240,이소희,4
2026-09-07,한국,32,character:177,백가인,3
2026-09-07,한국,33,character:75,서하리,3
2026-09-07,한국,34,character:99,조미경,3
2026-09-07,한국,35,character:132,정소은,3
2026-09-07,한국,36,character:306,김은주,3
2026-09-07,한국,37,character:167,최현정,3
2026-09-07,한국,38,character:265,한서현,3
2026-09-07,한국,39,character:260,서혜정,3
2026-09-07,한국,40,character:182,이지연,3
2026-09-07,한국,41,character:262,도예은,3
2026-09-07,한국,42,character:253,한유리,3
2026-09-07,한국,43,character:249,박유미,2
2026-09-07,한국,44,character:71,김가을,2
2026-09-07,한국,45,character:91,허민,2
2026-09-07,한국,46,character:162,백유리,2
2026-09-07,한국,47,character:261,나연아,2
2026-09-07,한국,48,character:316,정예솔,2
2026-09-07,한국,49,character:78,유세하,2
2026-09-07,한국,50,character:74,허유희,2
2026-09-07,일본,1,character:97,島田美里,48
2026-09-07,일본,2,character:133,矢野 栄子,43
2026-09-07,일본,3,character:256,飯村香澄,28
2026-09-07,일본,4,content:102,ヤンキー女子たちと無人島で生き残る,23
2026-09-07,일본,5,character:1,下北愛梨,15
2026-09-07,일본,6,character:329,竿田真由美,14
2026-09-07,일본,7,character:297,西本美幸,12
2026-09-07,일본,8,character:38,橋本美華,12
2026-09-07,일본,9,character:258,板野由美,12
2026-09-07,일본,10,character:265,西村美嘉,11
2026-09-07,일본,11,character:348,ユン・カラム,10
2026-09-07,일본,12,character:293,高橋夕里,9
2026-09-07,일본,13,character:139,高橋真美,8
2026-09-07,일본,14,character:291,竹田千夏,7
2026-09-07,일본,15,character:78,渡辺りん,5
2026-09-07,일본,16,character:176,春川霞,5
2026-09-07,일본,17,character:80,ベルディア,5
2026-09-07,일본,18,character:60,橋本美優,4
2026-09-07,일본,19,character:62,金澤智佳,4
2026-09-07,일본,20,character:290,浅田由麻,4
2026-09-07,일본,21,character:118,坂本凪咲,3
2026-09-07,일본,22,character:61,池上朱里,3
2026-09-07,일본,23,character:130,レイ,3
2026-09-07,일본,24,character:94,小峰未奈,3
2026-09-07,일본,25,character:317,ピオナ,3
2026-09-07,일본,26,character:76,保坂白雪,3
2026-09-07,일본,27,character:129,恩田恵奈,3
2026-09-07,일본,28,character:221,結城真理子,2
2026-09-07,일본,29,character:70,坂口美帆,2
2026-09-07,일본,30,character:119,藤田瑠華,2
2026-09-07,일본,31,character:249,桐生凪咲,2
2026-09-07,일본,32,character:77,西沢みな,2
2026-09-07,일본,33,character:303,浜辺涼子,2
2026-09-07,일본,34,character:229,木村多恵,2
2026-09-07,일본,35,character:8,近藤結花,2
2026-09-07,일본,36,character:235,結城飛鳥,2
2026-09-07,일본,37,character:240,菅野真美,2
2026-09-07,일본,38,character:253,堤さゆり,2
2026-09-07,일본,39,character:146,堂本美結,1
2026-09-07,일본,40,character:170,曾川麗奈,1
2026-09-07,일본,41,character:174,郷田千尋,1
2026-09-07,일본,42,character:226,新家美絵,1
2026-09-07,일본,43,character:294,葛西陽菜乃,1
2026-09-07,일본,44,character:262,稲村玲華,1
2026-09-07,일본,45,character:121,小川日奈,1
2026-09-07,일본,46,character:100,ジャン・ソニョン,1
2026-09-07,일본,47,character:134,城戸さくら,1
2026-09-07,일본,48,character:131,エリス,1
2026-09-07,일본,49,character:292,池上彩乃,1
2026-09-07,일본,50,character:2,稲場理子,1
2026-09-07,중화권,1,character:77,徐敏娜,29
2026-09-07,중화권,2,character:61,林映純,10
2026-09-07,중화권,3,character:329,崔潔怡,6
2026-09-07,중화권,4,character:258,高佑美,3
2026-09-07,중화권,5,character:100,張善英,3
2026-09-07,중화권,6,character:1,林依潔,3
2026-09-07,중화권,7,character:133,簡可優,2
2026-09-07,중화권,8,character:299,陳佳儀,2
2026-09-07,중화권,9,character:118,白采媛,2
2026-09-07,중화권,10,character:119,徐如熙,2
2026-09-07,중화권,11,character:130,蕾依,2
2026-09-07,중화권,12,character:253,江玥璃,1
2026-09-07,중화권,13,character:221,鄭恩愛,1
2026-09-07,중화권,14,character:176,江茹萱,1
2026-09-07,중화권,15,character:62,劉小冉,1
2026-09-07,중화권,16,character:76,楊佳穎,1
2026-09-07,중화권,17,character:2,李舒欣,1
2026-09-07,중화권,18,character:290,夏恩妮,1
2026-09-07,중화권,19,character:72,陳鈺琳,1
2026-09-07,중화권,20,character:70,江郁涵,1
2026-09-07,중화권,21,character:261,庭佳,1
2026-09-07,중화권,22,character:74,何宥拉,1
2026-09-07,중화권,23,character:80,貝爾迪亞,1
2026-09-07,중화권,24,character:256,莊若瑜,1
2026-09-07,중화권,25,character:260,徐慧靜,1
2026-09-07,중화권,26,character:73,徐娜莉,1
2026-09-07,북미·글로벌,1,content:101,Stranded on a Desert Island With My Bullies,10
2026-09-07,북미·글로벌,2,character:97,Su-min Cha,5
2026-09-07,북미·글로벌,3,character:70,Da-yeong Park,3
2026-09-07,북미·글로벌,4,character:139,Celine Eom,2
2026-09-07,북미·글로벌,5,character:221,Eun-ae Cha,2
2026-09-07,북미·글로벌,6,character:296,Ji-min Kim,1
2026-09-07,북미·글로벌,7,character:284,Yulia Oh,1
2026-09-07,북미·글로벌,8,character:89,Darla Yoo,1
2026-09-07,북미·글로벌,9,character:129,Hailey Eun,1
2026-09-07,북미·글로벌,10,character:262,Jasmine Do,1
2026-09-07,북미·글로벌,11,character:258,Yara Ko,1
2026-09-07,북미·글로벌,12,character:229,Jung-won Yoo,1
2026-09-07,북미·글로벌,13,character:318,Jin-hee Choi,1
2026-09-07,북미·글로벌,14,character:507,So-hee Yoo,1
2026-09-07,북미·글로벌,15,character:118,Ava Park,1
2026-09-08,한국,1,character:347,유소희,217
2026-09-08,한국,2,character:315,다희,81
2026-09-08,한국,3,content:105,밀프 아일랜드 우리 아내는 안 넘어갑니다,47
2026-09-08,한국,4,character:100,장선영,37
2026-09-08,한국,5,character:1,신아영,37
2026-09-08,한국,6,character:314,한유라,28
2026-09-08,한국,7,character:89,유달리,27
2026-09-08,한국,8,character:61,한나리,27
2026-09-08,한국,9,content:101,일진녀들과 무인도에서 살아남기,26
2026-09-08,한국,10,character:139,엄자영,25
2026-09-08,한국,11,character:522,금보라,24
2026-09-08,한국,12,character:129,은혜,24
2026-09-08,한국,13,character:221,정은애,14
2026-09-08,한국,14,character:292,조민주,14
2026-09-08,한국,15,character:297,이다미,9
2026-09-08,한국,16,character:72,이예린,7
2026-09-08,한국,17,character:177,백가인,7
2026-09-08,한국,18,character:76,배현주,7
2026-09-08,한국,19,content:6,회귀한 색마는 정파 후기지수가 되었다,7
2026-09-08,한국,20,character:118,박채원,6
2026-09-08,한국,21,character:119,서민희,6
2026-09-08,한국,22,character:97,차수민,6
2026-09-08,한국,23,character:132,정소은,6
2026-09-08,한국,24,character:99,조미경,5
2026-09-08,한국,25,character:258,고유미,5
2026-09-08,한국,26,character:176,한가영,4
2026-09-08,한국,27,character:261,나연아,4
2026-09-08,한국,28,character:256,김민지,4
2026-09-08,한국,29,character:265,한서현,4
2026-09-08,한국,30,character:348,윤가람,4
2026-09-08,한국,31,character:80,베르디아,4
2026-09-08,한국,32,character:268,주서윤,4
2026-09-08,한국,33,character:8,윤혜윤,4
2026-09-08,한국,34,character:317,피오나,3
2026-09-08,한국,35,character:296,김지민,3
2026-09-08,한국,36,character:174,고수연,3
2026-09-08,한국,37,character:255,최선영,3
2026-09-08,한국,38,character:73,서나리,3
2026-09-08,한국,39,character:133,김고은,2
2026-09-08,한국,40,character:78,유세하,2
2026-09-08,한국,41,character:262,도예은,2
2026-09-08,한국,42,character:260,서혜정,2
2026-09-08,한국,43,character:254,이유라,2
2026-09-08,한국,44,character:71,김가을,2
2026-09-08,한국,45,character:202,우미희,2
2026-09-08,한국,46,character:235,차미아,2
2026-09-08,한국,47,character:249,박유미,2
2026-09-08,한국,48,character:264,서우진,2
2026-09-08,한국,49,character:70,박다영,2
2026-09-08,한국,50,character:229,유정원,2
2026-09-08,일본,1,character:133,矢野 栄子,45
2026-09-08,일본,2,character:129,恩田恵奈,29
2026-09-08,일본,3,character:173,西村雅,28
2026-09-08,일본,4,content:102,ヤンキー女子たちと無人島で生き残る,28
2026-09-08,일본,5,character:1,下北愛梨,25
2026-09-08,일본,6,character:256,飯村香澄,24
2026-09-08,일본,7,character:293,高橋夕里,14
2026-09-08,일본,8,character:291,竹田千夏,14
2026-09-08,일본,9,character:329,竿田真由美,11
2026-09-08,일본,10,character:265,西村美嘉,10
2026-09-08,일본,11,character:38,橋本美華,9
2026-09-08,일본,12,character:297,西本美幸,8
2026-09-08,일본,13,character:139,高橋真美,8
2026-09-08,일본,14,character:258,板野由美,7
2026-09-08,일본,15,character:118,坂本凪咲,6
2026-09-08,일본,16,character:292,池上彩乃,6
2026-09-08,일본,17,character:176,春川霞,5
2026-09-08,일본,18,character:131,エリス,5
2026-09-08,일본,19,character:78,渡辺りん,5
2026-09-08,일본,20,character:80,ベルディア,5
2026-09-08,일본,21,character:182,倖田梓,4
2026-09-08,일본,22,character:61,池上朱里,4
2026-09-08,일본,23,character:253,堤さゆり,4
2026-09-08,일본,24,character:290,浅田由麻,4
2026-09-08,일본,25,character:76,保坂白雪,4
2026-09-08,일본,26,character:229,木村多恵,4
2026-09-08,일본,27,character:317,ピオナ,4
2026-09-08,일본,28,character:70,坂口美帆,3
2026-09-08,일본,29,character:130,レイ,3
2026-09-08,일본,30,character:75,大空結衣,2
2026-09-08,일본,31,character:268,千賀苑子,2
2026-09-08,일본,32,character:235,結城飛鳥,2
2026-09-08,일본,33,character:316,青木里香,2
2026-09-08,일본,34,character:162,白石祐里,2
2026-09-08,일본,35,character:257,園田千里,2
2026-09-08,일본,36,character:72,篠田有希子,2
2026-09-08,일본,37,character:146,堂本美結,2
2026-09-08,일본,38,character:249,桐生凪咲,1
2026-09-08,일본,39,character:73,大空奈緒,1
2026-09-08,일본,40,character:119,藤田瑠華,1
2026-09-08,일본,41,character:60,橋本美優,1
2026-09-08,일본,42,character:348,ユン・カラム,1
2026-09-08,일본,43,character:167,武田京子,1
2026-09-08,일본,44,character:2,稲場理子,1
2026-09-08,일본,45,character:303,浜辺涼子,1
2026-09-08,일본,46,character:174,郷田千尋,1
2026-09-08,일본,47,character:100,ジャン・ソニョン,1
2026-09-08,일본,48,character:93,市村紗季,1
2026-09-08,일본,49,character:240,菅野真美,1
2026-09-08,일본,50,character:81,セシリア,1
2026-09-08,중화권,1,character:139,嚴安雅,16
2026-09-08,중화권,2,character:1,林依潔,9
2026-09-08,중화권,3,character:137,李瑄雅,7
2026-09-08,중화권,4,character:61,林映純,7
2026-09-08,중화권,5,character:258,高佑美,5
2026-09-08,중화권,6,character:299,陳佳儀,4
2026-09-08,중화권,7,character:70,江郁涵,3
2026-09-08,중화권,8,character:99,趙美靜,3
2026-09-08,중화권,9,character:176,江茹萱,2
2026-09-08,중화권,10,character:297,李多美,2
2026-09-08,중화권,11,character:221,鄭恩愛,2
2026-09-08,중화권,12,character:133,簡可優,2
2026-09-08,중화권,13,character:248,洪丹菲,1
2026-09-08,중화권,14,character:169,吳允馨,1
2026-09-08,중화권,15,character:317,費歐娜,1
2026-09-08,중화권,16,character:226,李美英,1
2026-09-08,중화권,17,character:118,白采媛,1
2026-09-08,중화권,18,character:284,吳喬俐,1
2026-09-08,중화권,19,character:8,劉貞妮,1
2026-09-08,중화권,20,character:229,劉美媛,1
2026-09-08,북미·글로벌,1,content:101,Stranded on a Desert Island With My Bullies,10
2026-09-08,북미·글로벌,2,character:348,Gwen Yoon,5
2026-09-08,북미·글로벌,3,character:129,Hailey Eun,4
2026-09-08,북미·글로벌,4,character:139,Celine Eom,4
2026-09-08,북미·글로벌,5,character:296,Ji-min Kim,2
2026-09-08,북미·글로벌,6,character:73,Na-ri Seo,1
2026-09-08,북미·글로벌,7,character:258,Yara Ko,1
2026-09-08,북미·글로벌,8,character:76,Hyun-joo Bae,1
2026-09-08,북미·글로벌,9,character:221,Eun-ae Cha,1
2026-09-08,북미·글로벌,10,character:176,Ga-yeong Han,1
2026-09-08,북미·글로벌,11,character:170,Do-yeon Seo,1
2026-09-08,북미·글로벌,12,character:132,So-eun Jung,1
2026-09-08,북미·글로벌,13,character:254,Jenny Lee,1
2026-09-08,북미·글로벌,14,character:72,Ye-lynn Lee,1
2026-09-08,북미·글로벌,15,character:271,Lily Park,1
2026-09-08,북미·글로벌,16,character:77,Mi-na Seo,1
2026-09-08,북미·글로벌,17,character:268,Sarah Joo,1
2026-09-08,북미·글로벌,18,character:249,Jessica Park,1
2026-09-08,북미·글로벌,19,character:265,Seo-hyun Han,1
2026-09-08,북미·글로벌,20,character:97,Su-min Cha,1
2026-09-09,한국,1,character:99,조미경,267
2026-09-09,한국,2,character:315,다희,59
2026-09-09,한국,3,character:347,유소희,52
2026-09-09,한국,4,character:220,민소다,49
2026-09-09,한국,5,character:61,한나리,39
2026-09-09,한국,6,character:522,금보라,26
2026-09-09,한국,7,character:129,은혜,26
2026-09-09,한국,8,character:1,신아영,21
2026-09-09,한국,9,character:314,한유라,19
2026-09-09,한국,10,content:101,일진녀들과 무인도에서 살아남기,19
2026-09-09,한국,11,content:105,밀프 아일랜드 우리 아내는 안 넘어갑니다,16
2026-09-09,한국,12,character:100,장선영,14
2026-09-09,한국,13,character:292,조민주,11
2026-09-09,한국,14,character:139,엄자영,11
2026-09-09,한국,15,character:118,박채원,10
2026-09-09,한국,16,character:133,김고은,9
2026-09-09,한국,17,character:348,윤가람,8
2026-09-09,한국,18,character:77,서미나,8
2026-09-09,한국,19,content:6,회귀한 색마는 정파 후기지수가 되었다,8
2026-09-09,한국,20,character:72,이예린,7
2026-09-09,한국,21,character:261,나연아,6
2026-09-09,한국,22,character:258,고유미,5
2026-09-09,한국,23,character:177,백가인,5
2026-09-09,한국,24,character:76,배현주,5
2026-09-09,한국,25,character:71,김가을,4
2026-09-09,한국,26,character:132,정소은,4
2026-09-09,한국,27,character:291,차진희,4
2026-09-09,한국,28,character:130,레이,4
2026-09-09,한국,29,character:176,한가영,4
2026-09-09,한국,30,character:8,윤혜윤,4
2026-09-09,한국,31,character:170,서도연,4
2026-09-09,한국,32,character:268,주서윤,4
2026-09-09,한국,33,character:97,차수민,3
2026-09-09,한국,34,character:119,서민희,3
2026-09-09,한국,35,character:93,한수진,3
2026-09-09,한국,36,character:70,박다영,3
2026-09-09,한국,37,character:317,피오나,3
2026-09-09,한국,38,character:262,도예은,3
2026-09-09,한국,39,character:253,한유리,3
2026-09-09,한국,40,character:256,김민지,3
2026-09-09,한국,41,character:297,이다미,3
2026-09-09,한국,42,character:182,이지연,3
2026-09-09,한국,43,character:248,홍단비,3
2026-09-09,한국,44,character:249,박유미,2
2026-09-09,한국,45,character:306,김은주,2
2026-09-09,한국,46,character:80,베르디아,2
2026-09-09,한국,47,character:131,엘리스,2
2026-09-09,한국,48,character:146,도지유,2
2026-09-09,한국,49,character:221,정은애,2
2026-09-09,한국,50,character:284,오유리,2
2026-09-09,일본,1,character:522,久保田美桜,61
2026-09-09,일본,2,character:133,矢野 栄子,38
2026-09-09,일본,3,content:102,ヤンキー女子たちと無人島で生き残る,30
2026-09-09,일본,4,character:1,下北愛梨,22
2026-09-09,일본,5,character:265,西村美嘉,21
2026-09-09,일본,6,character:262,稲村玲華,20
2026-09-09,일본,7,character:256,飯村香澄,16
2026-09-09,일본,8,character:329,竿田真由美,14
2026-09-09,일본,9,character:129,恩田恵奈,13
2026-09-09,일본,10,character:258,板野由美,10
2026-09-09,일본,11,character:38,橋本美華,9
2026-09-09,일본,12,character:291,竹田千夏,9
2026-09-09,일본,13,character:297,西本美幸,6
2026-09-09,일본,14,character:299,霧島真紀,6
2026-09-09,일본,15,character:130,レイ,5
2026-09-09,일본,16,character:139,高橋真美,5
2026-09-09,일본,17,character:293,高橋夕里,3
2026-09-09,일본,18,character:76,保坂白雪,3
2026-09-09,일본,19,character:119,藤田瑠華,3
2026-09-09,일본,20,character:268,千賀苑子,3
2026-09-09,일본,21,character:10000000,新庄まりな,3
2026-09-09,일본,22,character:134,城戸さくら,3
2026-09-09,일본,23,character:295,辛嶋雅,3
2026-09-09,일본,24,character:118,坂本凪咲,3
2026-09-09,일본,25,character:177,栗原愛里,2
2026-09-09,일본,26,character:77,西沢みな,2
2026-09-09,일본,27,character:80,ベルディア,2
2026-09-09,일본,28,character:176,春川霞,2
2026-09-09,일본,29,character:257,園田千里,2
2026-09-09,일본,30,character:78,渡辺りん,2
2026-09-09,일본,31,character:170,曾川麗奈,2
2026-09-09,일본,32,character:146,堂本美結,2
2026-09-09,일본,33,character:264,内田莉子,2
2026-09-09,일본,34,character:61,池上朱里,2
2026-09-09,일본,35,character:253,堤さゆり,1
2026-09-09,일본,36,character:303,浜辺涼子,1
2026-09-09,일본,37,character:154,クァク・ドイム,1
2026-09-09,일본,38,character:221,結城真理子,1
2026-09-09,일본,39,character:94,小峰未奈,1
2026-09-09,일본,40,character:317,ピオナ,1
2026-09-09,일본,41,character:131,エリス,1
2026-09-09,일본,42,character:2,稲場理子,1
2026-09-09,일본,43,character:70,坂口美帆,1
2026-09-09,일본,44,character:97,島田美里,1
2026-09-09,일본,45,character:60,橋本美優,1
2026-09-09,일본,46,character:226,新家美絵,1
2026-09-09,일본,47,character:228,尾田光莉,1
2026-09-09,일본,48,character:99,日向春香,1
2026-09-09,일본,49,character:229,木村多恵,1
2026-09-09,일본,50,character:240,菅野真美,1
2026-09-09,중화권,1,character:348,林嘉藍,13
2026-09-09,중화권,2,character:139,嚴安雅,12
2026-09-09,중화권,3,character:61,林映純,9
2026-09-09,중화권,4,character:260,徐慧靜,9
2026-09-09,중화권,5,character:176,江茹萱,5
2026-09-09,중화권,6,character:258,高佑美,4
2026-09-09,중화권,7,character:1,林依潔,3
2026-09-09,중화권,8,character:70,江郁涵,2
2026-09-09,중화권,9,character:118,白采媛,2
2026-09-09,중화권,10,character:100,張善英,2
2026-09-09,중화권,11,character:290,夏恩妮,2
2026-09-09,중화권,12,character:133,簡可優,2
2026-09-09,중화권,13,character:303,吳悠秀,2
2026-09-09,중화권,14,character:306,黃恩茱,2
2026-09-09,중화권,15,character:99,趙美靜,2
2026-09-09,중화권,16,character:221,鄭恩愛,2
2026-09-09,중화권,17,character:80,貝爾迪亞,1
2026-09-09,중화권,18,character:248,洪丹菲,1
2026-09-09,중화권,19,character:297,李多美,1
2026-09-09,중화권,20,character:72,陳鈺琳,1
2026-09-09,중화권,21,character:130,蕾依,1
2026-09-09,중화권,22,character:329,崔潔怡,1
2026-09-09,중화권,23,character:269,徐幼珍,1
2026-09-09,중화권,24,character:97,王曉妤,1
2026-09-09,중화권,25,character:299,陳佳儀,1
2026-09-09,중화권,26,character:71,林佳瑜,1
2026-09-09,중화권,27,character:261,庭佳,1
2026-09-09,중화권,28,character:78,劉銀河,1
2026-09-09,중화권,29,character:76,楊佳穎,1
2026-09-09,북미·글로벌,1,character:348,Gwen Yoon,12
2026-09-09,북미·글로벌,2,content:101,Stranded on a Desert Island With My Bullies,5
2026-09-09,북미·글로벌,3,character:129,Hailey Eun,4
2026-09-09,북미·글로벌,4,character:133,Grace Kim,2
2026-09-09,북미·글로벌,5,character:296,Ji-min Kim,2
2026-09-09,북미·글로벌,6,character:93,Suzy Han,1
2026-09-09,북미·글로벌,7,character:130,Ray,1
2026-09-09,북미·글로벌,8,character:227,Yuna Sung,1
2026-09-09,북미·글로벌,9,character:202,Mia Woo,1
2026-09-09,북미·글로벌,10,character:146,Samantha Do,1
2026-09-09,북미·글로벌,11,character:60,Hee-jin Han,1
2026-09-09,북미·글로벌,12,character:319,Emily Han,1
2026-09-09,북미·글로벌,13,character:97,Su-min Cha,1
2026-09-09,북미·글로벌,14,character:507,So-hee Yoo,1
2026-09-10,한국,1,character:99,조미경,130
2026-09-10,한국,2,content:106,"구조선 도착까지, 앞으로 93년",96
2026-09-10,한국,3,character:284,오유리,75
2026-09-10,한국,4,character:314,한유라,53
2026-09-10,한국,5,character:315,다희,52
2026-09-10,한국,6,character:61,한나리,36
2026-09-10,한국,7,character:129,은혜,31
2026-09-10,한국,8,content:105,밀프 아일랜드 우리 아내는 안 넘어갑니다,29
2026-09-10,한국,9,character:347,유소희,24
2026-09-10,한국,10,character:100,장선영,20
2026-09-10,한국,11,content:101,일진녀들과 무인도에서 살아남기,20
2026-09-10,한국,12,character:522,금보라,19
2026-09-10,한국,13,character:1,신아영,18
2026-09-10,한국,14,character:258,고유미,15
2026-09-10,한국,15,character:133,김고은,12
2026-09-10,한국,16,character:139,엄자영,11
2026-09-10,한국,17,character:292,조민주,10
2026-09-10,한국,18,character:221,정은애,6
2026-09-10,한국,19,content:6,회귀한 색마는 정파 후기지수가 되었다,6
2026-09-10,한국,20,character:70,박다영,5
2026-09-10,한국,21,character:170,서도연,5
2026-09-10,한국,22,character:72,이예린,5
2026-09-10,한국,23,character:76,배현주,5
2026-09-10,한국,24,character:249,박유미,5
2026-09-10,한국,25,character:118,박채원,4
2026-09-10,한국,26,character:146,도지유,4
2026-09-10,한국,27,character:176,한가영,4
2026-09-10,한국,28,character:71,김가을,4
2026-09-10,한국,29,character:73,서나리,4
2026-09-10,한국,30,character:119,서민희,4
2026-09-10,한국,31,character:348,윤가람,4
2026-09-10,한국,32,character:290,박소민,4
2026-09-10,한국,33,character:268,주서윤,3
2026-09-10,한국,34,character:228,오다현,3
2026-09-10,한국,35,character:291,차진희,3
2026-09-10,한국,36,character:97,차수민,3
2026-09-10,한국,37,character:261,나연아,3
2026-09-10,한국,38,character:177,백가인,3
2026-09-10,한국,39,character:91,허민,3
2026-09-10,한국,40,character:89,유달리,3
2026-09-10,한국,41,character:226,이미예,2
2026-09-10,한국,42,character:240,이소희,2
2026-09-10,한국,43,character:306,김은주,2
2026-09-10,한국,44,character:260,서혜정,2
2026-09-10,한국,45,character:247,나나현,2
2026-09-10,한국,46,character:38,한채아,2
2026-09-10,한국,47,character:182,이지연,2
2026-09-10,한국,48,character:174,고수연,2
2026-09-10,한국,49,character:77,서미나,2
2026-09-10,한국,50,character:132,정소은,2
2026-09-10,일본,1,character:8,近藤結花,47
2026-09-10,일본,2,character:256,飯村香澄,30
2026-09-10,일본,3,character:133,矢野 栄子,27
2026-09-10,일본,4,character:329,竿田真由美,26
2026-09-10,일본,5,content:102,ヤンキー女子たちと無人島で生き残る,26
2026-09-10,일본,6,character:297,西本美幸,21
2026-09-10,일본,7,character:291,竹田千夏,20
2026-09-10,일본,8,character:1,下北愛梨,19
2026-09-10,일본,9,character:522,久保田美桜,16
2026-09-10,일본,10,character:129,恩田恵奈,13
2026-09-10,일본,11,character:265,西村美嘉,11
2026-09-10,일본,12,character:38,橋本美華,11
2026-09-10,일본,13,character:176,春川霞,9
2026-09-10,일본,14,character:293,高橋夕里,6
2026-09-10,일본,15,character:258,板野由美,5
2026-09-10,일본,16,character:316,青木里香,5
2026-09-10,일본,17,character:118,坂本凪咲,5
2026-09-10,일본,18,character:167,武田京子,3
2026-09-10,일본,19,character:119,藤田瑠華,3
2026-09-10,일본,20,character:162,白石祐里,3
2026-09-10,일본,21,character:348,ユン・カラム,3
2026-09-10,일본,22,character:100,ジャン・ソニョン,3
2026-09-10,일본,23,character:72,篠田有希子,3
2026-09-10,일본,24,character:268,千賀苑子,3
2026-09-10,일본,25,character:169,金子里沙,3
2026-09-10,일본,26,character:97,島田美里,3
2026-09-10,일본,27,character:80,ベルディア,3
2026-09-10,일본,28,character:130,レイ,2
2026-09-10,일본,29,character:170,曾川麗奈,2
2026-09-10,일본,30,character:139,高橋真美,2
2026-09-10,일본,31,character:60,橋本美優,2
2026-09-10,일본,32,character:131,エリス,2
2026-09-10,일본,33,character:262,稲村玲華,2
2026-09-10,일본,34,character:81,セシリア,2
2026-09-10,일본,35,character:121,小川日奈,2
2026-09-10,일본,36,character:253,堤さゆり,2
2026-09-10,일본,37,character:77,西沢みな,2
2026-09-10,일본,38,character:78,渡辺りん,2
2026-09-10,일본,39,character:10000000,新庄まりな,2
2026-09-10,일본,40,character:317,ピオナ,2
2026-09-10,일본,41,character:221,結城真理子,2
2026-09-10,일본,42,character:249,桐生凪咲,2
2026-09-10,일본,43,character:235,結城飛鳥,2
2026-09-10,일본,44,character:292,池上彩乃,2
2026-09-10,일본,45,character:229,木村多恵,2
2026-09-10,일본,46,character:70,坂口美帆,1
2026-09-10,일본,47,character:93,市村紗季,1
2026-09-10,일본,48,character:61,池上朱里,1
2026-09-10,일본,49,character:94,小峰未奈,1
2026-09-10,일본,50,character:294,葛西陽菜乃,1
2026-09-10,중화권,1,character:265,韓瑞賢,29
2026-09-10,중화권,2,character:61,林映純,10
2026-09-10,중화권,3,character:2,李舒欣,9
2026-09-10,중화권,4,character:99,趙美靜,7
2026-09-10,중화권,5,character:133,簡可優,4
2026-09-10,중화권,6,character:100,張善英,4
2026-09-10,중화권,7,character:139,嚴安雅,3
2026-09-10,중화권,8,character:1,林依潔,3
2026-09-10,중화권,9,character:348,林嘉藍,3
2026-09-10,중화권,10,character:8,劉貞妮,2
2026-09-10,중화권,11,character:221,鄭恩愛,2
2026-09-10,중화권,12,character:77,徐敏娜,2
2026-09-10,중화권,13,character:118,白采媛,2
2026-09-10,중화권,14,character:329,崔潔怡,2
2026-09-10,중화권,15,character:256,莊若瑜,1
2026-09-10,중화권,16,character:91,許愍,1
2026-09-10,중화권,17,character:119,徐如熙,1
2026-09-10,중화권,18,character:262,涂藝恩,1
2026-09-10,중화권,19,character:176,江茹萱,1
2026-09-10,중화권,20,character:169,吳允馨,1
2026-09-10,중화권,21,character:121,李馨婕,1
2026-09-10,중화권,22,character:229,劉美媛,1
2026-09-10,중화권,23,character:284,吳喬俐,1
2026-09-10,중화권,24,character:317,費歐娜,1
2026-09-10,중화권,25,character:72,陳鈺琳,1
2026-09-10,중화권,26,character:130,蕾依,1
2026-09-10,중화권,27,character:129,殷霏,1
2026-09-10,중화권,28,character:80,貝爾迪亞,1
2026-09-10,북미·글로벌,1,content:101,Stranded on a Desert Island With My Bullies,12
2026-09-10,북미·글로벌,2,character:61,Na-ri Han,5
2026-09-10,북미·글로벌,3,character:2,Soo-yeon Kang,4
2026-09-10,북미·글로벌,4,character:133,Grace Kim,3
2026-09-10,북미·글로벌,5,character:129,Hailey Eun,3
2026-09-10,북미·글로벌,6,character:507,So-hee Yoo,2
2026-09-10,북미·글로벌,7,character:271,Lily Park,2
2026-09-10,북미·글로벌,8,character:221,Eun-ae Cha,1
2026-09-10,북미·글로벌,9,character:258,Yara Ko,1
2026-09-10,북미·글로벌,10,character:268,Sarah Joo,1
2026-09-10,북미·글로벌,11,character:226,Melissa Lee,1
2026-09-10,북미·글로벌,12,character:235,Mi-ah Cha,1
2026-09-10,북미·글로벌,13,character:169,Yoon-ah Kim,1
2026-09-10,북미·글로벌,14,character:284,Yulia Oh,1
2026-09-10,북미·글로벌,15,character:506,Runa,1
2026-09-10,북미·글로벌,16,character:137,Emma Lee,1
2026-09-10,북미·글로벌,17,character:60,Hee-jin Han,1
2026-09-10,북미·글로벌,18,character:1,Ah-yeong Shin,1
2026-09-10,북미·글로벌,19,character:229,Jung-won Yoo,1
2026-09-10,북미·글로벌,20,character:174,Samantha Ko,1
2026-09-10,북미·글로벌,21,character:316,Go-eun Choi,1
2026-09-11,한국,1,character:240,이소희,257
2026-09-11,한국,2,character:315,다희,83
2026-09-11,한국,3,character:99,조미경,66
2026-09-11,한국,4,character:137,이선아,58
2026-09-11,한국,5,character:1,신아영,41
2026-09-11,한국,6,content:106,"구조선 도착까지, 앞으로 93년",39
2026-09-11,한국,7,character:100,장선영,36
2026-09-11,한국,8,content:105,밀프 아일랜드 우리 아내는 안 넘어갑니다,32
2026-09-11,한국,9,character:314,한유라,31
2026-09-11,한국,10,character:129,은혜,24
2026-09-11,한국,11,character:61,한나리,17
2026-09-11,한국,12,character:292,조민주,15
2026-09-11,한국,13,character:347,유소희,14
2026-09-11,한국,14,character:133,김고은,12
2026-09-11,한국,15,character:258,고유미,11
2026-09-11,한국,16,content:6,회귀한 색마는 정파 후기지수가 되었다,11
2026-09-11,한국,17,character:176,한가영,10
2026-09-11,한국,18,character:522,금보라,10
2026-09-11,한국,19,content:101,일진녀들과 무인도에서 살아남기,10
2026-09-11,한국,20,character:70,박다영,8
2026-09-11,한국,21,character:97,차수민,7
2026-09-11,한국,22,character:119,서민희,7
2026-09-11,한국,23,character:262,도예은,6
2026-09-11,한국,24,character:139,엄자영,6
2026-09-11,한국,25,character:296,김지민,6
2026-09-11,한국,26,character:291,차진희,5
2026-09-11,한국,27,character:71,김가을,5
2026-09-11,한국,28,character:284,오유리,5
2026-09-11,한국,29,character:348,윤가람,5
2026-09-11,한국,30,character:221,정은애,5
2026-09-11,한국,31,character:249,박유미,5
2026-09-11,한국,32,character:96,정고은,4
2026-09-11,한국,33,character:182,이지연,4
2026-09-11,한국,34,character:80,베르디아,4
2026-09-11,한국,35,character:177,백가인,4
2026-09-11,한국,36,character:76,배현주,4
2026-09-11,한국,37,character:118,박채원,4
2026-09-11,한국,38,character:268,주서윤,3
2026-09-11,한국,39,character:72,이예린,3
2026-09-11,한국,40,character:165,연하늘,3
2026-09-11,한국,41,character:174,고수연,3
2026-09-11,한국,42,character:74,허유희,3
2026-09-11,한국,43,character:89,유달리,3
2026-09-11,한국,44,character:297,이다미,3
2026-09-11,한국,45,character:229,유정원,3
2026-09-11,한국,46,character:306,김은주,2
2026-09-11,한국,47,character:78,유세하,2
2026-09-11,한국,48,character:60,한희진,2
2026-09-11,한국,49,character:91,허민,2
2026-09-11,한국,50,character:170,서도연,2
2026-09-11,일본,1,content:6,回帰した色魔は正派期待の新鋭となった,64
2026-09-11,일본,2,character:133,矢野 栄子,47
2026-09-11,일본,3,character:1,下北愛梨,30
2026-09-11,일본,4,content:102,ヤンキー女子たちと無人島で生き残る,30
2026-09-11,일본,5,character:240,菅野真美,28
2026-09-11,일본,6,character:315,佐々木由紀,23
2026-09-11,일본,7,character:291,竹田千夏,17
2026-09-11,일본,8,character:329,竿田真由美,16
2026-09-11,일본,9,character:38,橋本美華,16
2026-09-11,일본,10,character:522,久保田美桜,14
2026-09-11,일본,11,character:256,飯村香澄,10
2026-09-11,일본,12,character:265,西村美嘉,10
2026-09-11,일본,13,character:293,高橋夕里,8
2026-09-11,일본,14,character:297,西本美幸,8
2026-09-11,일본,15,character:93,市村紗季,7
2026-09-11,일본,16,character:176,春川霞,7
2026-09-11,일본,17,character:129,恩田恵奈,6
2026-09-11,일본,18,character:258,板野由美,6
2026-09-11,일본,19,character:80,ベルディア,5
2026-09-11,일본,20,character:76,保坂白雪,5
2026-09-11,일본,21,character:94,小峰未奈,4
2026-09-11,일본,22,character:72,篠田有希子,4
2026-09-11,일본,23,character:139,高橋真美,3
2026-09-11,일본,24,character:317,ピオナ,3
2026-09-11,일본,25,character:78,渡辺りん,3
2026-09-11,일본,26,character:146,堂本美結,2
2026-09-11,일본,27,character:77,西沢みな,2
2026-09-11,일본,28,character:292,池上彩乃,2
2026-09-11,일본,29,character:182,倖田梓,2
2026-09-11,일본,30,character:170,曾川麗奈,2
2026-09-11,일본,31,character:130,レイ,2
2026-09-11,일본,32,character:8,近藤結花,2
2026-09-11,일본,33,character:235,結城飛鳥,2
2026-09-11,일본,34,character:268,千賀苑子,2
2026-09-11,일본,35,character:61,池上朱里,2
2026-09-11,일본,36,character:121,小川日奈,2
2026-09-11,일본,37,character:70,坂口美帆,2
2026-09-11,일본,38,character:306,清水琴葉,2
2026-09-11,일본,39,character:97,島田美里,2
2026-09-11,일본,40,character:229,木村多恵,1
2026-09-11,일본,41,character:174,郷田千尋,1
2026-09-11,일본,42,character:249,桐生凪咲,1
2026-09-11,일본,43,character:10000000,新庄まりな,1
2026-09-11,일본,44,character:348,ユン・カラム,1
2026-09-11,일본,45,character:60,橋本美優,1
2026-09-11,일본,46,character:303,浜辺涼子,1
2026-09-11,일본,47,character:177,栗原愛里,1
2026-09-11,일본,48,character:295,辛嶋雅,1
2026-09-11,일본,49,character:99,日向春香,1
2026-09-11,일본,50,character:299,霧島真紀,1
2026-09-11,중화권,1,character:129,殷霏,19
2026-09-11,중화권,2,character:61,林映純,12
2026-09-11,중화권,3,character:265,韓瑞賢,12
2026-09-11,중화권,4,character:8,劉貞妮,8
2026-09-11,중화권,5,character:99,趙美靜,7
2026-09-11,중화권,6,character:133,簡可優,6
2026-09-11,중화권,7,character:100,張善英,5
2026-09-11,중화권,8,character:176,江茹萱,3
2026-09-11,중화권,9,character:229,劉美媛,3
2026-09-11,중화권,10,character:329,崔潔怡,2
2026-09-11,중화권,11,character:284,吳喬俐,2
2026-09-11,중화권,12,character:260,徐慧靜,2
2026-09-11,중화권,13,character:70,江郁涵,2
2026-09-11,중화권,14,character:296,江曉婷,2
2026-09-11,중화권,15,character:299,陳佳儀,2
2026-09-11,중화권,16,character:221,鄭恩愛,2
2026-09-11,중화권,17,character:254,李宥利,2
2026-09-11,중화권,18,character:306,黃恩茱,1
2026-09-11,중화권,19,character:80,貝爾迪亞,1
2026-09-11,중화권,20,character:316,鄭豫佳,1
2026-09-11,중화권,21,character:348,林嘉藍,1
2026-09-11,중화권,22,character:250,羅心如,1
2026-09-11,중화권,23,character:74,何宥拉,1
2026-09-11,중화권,24,character:132,鄭韶恩,1
2026-09-11,중화권,25,character:1,林依潔,1
2026-09-11,중화권,26,character:139,嚴安雅,1
2026-09-11,중화권,27,character:118,白采媛,1
2026-09-11,중화권,28,character:290,夏恩妮,1
2026-09-11,중화권,29,character:174,高秀妍,1
2026-09-11,중화권,30,character:119,徐如熙,1
2026-09-11,중화권,31,character:236,韓春媛,1
2026-09-11,중화권,32,character:256,莊若瑜,1
2026-09-11,중화권,33,character:38,詹苡葳,1
2026-09-11,중화권,34,character:235,周薇亞,1
2026-09-11,중화권,35,character:89,劉達莉,1
2026-09-11,중화권,36,character:73,徐娜莉,1
2026-09-11,북미·글로벌,1,content:101,Stranded on a Desert Island With My Bullies,13
2026-09-11,북미·글로벌,2,character:318,Jin-hee Choi,4
2026-09-11,북미·글로벌,3,character:97,Su-min Cha,2
2026-09-11,북미·글로벌,4,character:280,Ah-yeong Cho,2
2026-09-11,북미·글로벌,5,character:61,Na-ri Han,2
2026-09-11,북미·글로벌,6,character:281,Yeon-ah Na,2
2026-09-11,북미·글로벌,7,character:139,Celine Eom,2
2026-09-11,북미·글로벌,8,character:276,Woo-jin Seo,2
2026-09-11,북미·글로벌,9,character:99,Mi-kyung Cho,1
2026-09-11,북미·글로벌,10,character:1,Ah-yeong Shin,1
2026-09-11,북미·글로벌,11,character:221,Eun-ae Cha,1
2026-09-11,북미·글로벌,12,character:348,Gwen Yoon,1
2026-09-11,북미·글로벌,13,character:130,Ray,1
2026-09-11,북미·글로벌,14,character:8,Hye-yun Yoon,1
2026-09-11,북미·글로벌,15,character:296,Ji-min Kim,1
2026-09-11,북미·글로벌,16,character:129,Hailey Eun,1
2026-09-11,북미·글로벌,17,character:134,Ran Kim,1
2026-09-11,북미·글로벌,18,character:94,Carly Park,1
2026-09-11,북미·글로벌,19,character:506,Runa,1
2026-09-11,북미·글로벌,20,character:81,Cecilia,1
2026-09-11,북미·글로벌,21,character:248,Dan-bi Hong,1
2026-09-11,북미·글로벌,22,character:507,So-hee Yoo,1
2026-09-11,북미·글로벌,23,character:119,Roxy Seo,1
2026-09-11,북미·글로벌,24,character:316,Go-eun Choi,1
2026-09-11,북미·글로벌,25,character:100,Sun-yeong Ahn,1
2026-09-11,북미·글로벌,26,character:240,So-hee Lee,1
2026-09-11,북미·글로벌,27,character:132,So-eun Jung,1
2026-09-12,한국,1,character:508,최아영,313
2026-09-12,한국,2,character:240,이소희,91
2026-09-12,한국,3,character:99,조미경,62
2026-09-12,한국,4,character:263,김혜연,42
2026-09-12,한국,5,character:61,한나리,38
2026-09-12,한국,6,character:100,장선영,30
2026-09-12,한국,7,character:314,한유라,23
2026-09-12,한국,8,character:315,다희,22
2026-09-12,한국,9,character:129,은혜,21
2026-09-12,한국,10,character:1,신아영,20
2026-09-12,한국,11,content:105,밀프 아일랜드 우리 아내는 안 넘어갑니다,19
2026-09-12,한국,12,content:101,일진녀들과 무인도에서 살아남기,18
2026-09-12,한국,13,character:292,조민주,16
2026-09-12,한국,14,character:70,박다영,15
2026-09-12,한국,15,character:347,유소희,12
2026-09-12,한국,16,content:106,"구조선 도착까지, 앞으로 93년",12
2026-09-12,한국,17,character:133,김고은,11
2026-09-12,한국,18,character:132,정소은,11
2026-09-12,한국,19,character:118,박채원,11
2026-09-12,한국,20,character:72,이예린,7
2026-09-12,한국,21,character:73,서나리,6
2026-09-12,한국,22,character:139,엄자영,6
2026-09-12,한국,23,character:258,고유미,6
2026-09-12,한국,24,character:176,한가영,6
2026-09-12,한국,25,character:119,서민희,5
2026-09-12,한국,26,character:71,김가을,5
2026-09-12,한국,27,character:348,윤가람,5
2026-09-12,한국,28,character:74,허유희,5
2026-09-12,한국,29,character:248,홍단비,5
2026-09-12,한국,30,character:2,강수연,4
2026-09-12,한국,31,character:170,서도연,4
2026-09-12,한국,32,character:93,한수진,4
2026-09-12,한국,33,character:256,김민지,4
2026-09-12,한국,34,character:317,피오나,4
2026-09-12,한국,35,character:296,김지민,4
2026-09-12,한국,36,character:522,금보라,4
2026-09-12,한국,37,character:306,김은주,4
2026-09-12,한국,38,character:290,박소민,3
2026-09-12,한국,39,character:177,백가인,3
2026-09-12,한국,40,character:291,차진희,3
2026-09-12,한국,41,character:284,오유리,3
2026-09-12,한국,42,character:97,차수민,3
2026-09-12,한국,43,character:262,도예은,3
2026-09-12,한국,44,character:134,김란,3
2026-09-12,한국,45,character:221,정은애,3
2026-09-12,한국,46,character:76,배현주,3
2026-09-12,한국,47,character:249,박유미,3
2026-09-12,한국,48,character:303,최고은,3
2026-09-12,한국,49,character:78,유세하,3
2026-09-12,한국,50,character:91,허민,3
2026-09-12,일본,1,character:133,矢野 栄子,54
2026-09-12,일본,2,character:1,下北愛梨,33
2026-09-12,일본,3,character:10000003,有村京香,31
2026-09-12,일본,4,content:102,ヤンキー女子たちと無人島で生き残る,29
2026-09-12,일본,5,character:94,小峰未奈,28
2026-09-12,일본,6,content:6,回帰した色魔は正派期待の新鋭となった,23
2026-09-12,일본,7,character:329,竿田真由美,22
2026-09-12,일본,8,character:265,西村美嘉,21
2026-09-12,일본,9,character:38,橋本美華,21
2026-09-12,일본,10,character:256,飯村香澄,19
2026-09-12,일본,11,character:291,竹田千夏,15
2026-09-12,일본,12,character:315,佐々木由紀,12
2026-09-12,일본,13,character:297,西本美幸,8
2026-09-12,일본,14,character:258,板野由美,8
2026-09-12,일본,15,character:77,西沢みな,6
2026-09-12,일본,16,character:80,ベルディア,6
2026-09-12,일본,17,character:176,春川霞,6
2026-09-12,일본,18,character:129,恩田恵奈,6
2026-09-12,일본,19,character:522,久保田美桜,5
2026-09-12,일본,20,character:131,エリス,4
2026-09-12,일본,21,character:78,渡辺りん,4
2026-09-12,일본,22,character:70,坂口美帆,4
2026-09-12,일본,23,character:293,高橋夕里,4
2026-09-12,일본,24,character:317,ピオナ,4
2026-09-12,일본,25,character:10000000,新庄まりな,4
2026-09-12,일본,26,character:268,千賀苑子,4
2026-09-12,일본,27,character:240,菅野真美,3
2026-09-12,일본,28,character:93,市村紗季,3
2026-09-12,일본,29,character:60,橋本美優,3
2026-09-12,일본,30,character:71,斉藤りいな,3
2026-09-12,일본,31,character:130,レイ,3
2026-09-12,일본,32,character:139,高橋真美,3
2026-09-12,일본,33,character:292,池上彩乃,3
2026-09-12,일본,34,character:253,堤さゆり,2
2026-09-12,일본,35,character:8,近藤結花,2
2026-09-12,일본,36,character:221,結城真理子,2
2026-09-12,일본,37,character:100,ジャン・ソニョン,2
2026-09-12,일본,38,character:235,結城飛鳥,2
2026-09-12,일본,39,character:294,葛西陽菜乃,2
2026-09-12,일본,40,character:119,藤田瑠華,2
2026-09-12,일본,41,character:118,坂本凪咲,2
2026-09-12,일본,42,character:62,金澤智佳,2
2026-09-12,일본,43,character:167,武田京子,2
2026-09-12,일본,44,character:121,小川日奈,2
2026-09-12,일본,45,character:76,保坂白雪,2
2026-09-12,일본,46,character:97,島田美里,2
2026-09-12,일본,47,character:316,青木里香,2
2026-09-12,일본,48,character:228,尾田光莉,2
2026-09-12,일본,49,character:306,清水琴葉,2
2026-09-12,일본,50,character:75,大空結衣,2
2026-09-12,중화권,1,character:522,杜嘉恩,24
2026-09-12,중화권,2,character:61,林映純,20
2026-09-12,중화권,3,character:139,嚴安雅,13
2026-09-12,중화권,4,character:129,殷霏,12
2026-09-12,중화권,5,character:174,高秀妍,9
2026-09-12,중화권,6,character:133,簡可優,7
2026-09-12,중화권,7,character:265,韓瑞賢,5
2026-09-12,중화권,8,character:348,林嘉藍,4
2026-09-12,중화권,9,character:132,鄭韶恩,3
2026-09-12,중화권,10,character:1,林依潔,3
2026-09-12,중화권,11,character:73,徐娜莉,3
2026-09-12,중화권,12,character:221,鄭恩愛,3
2026-09-12,중화권,13,character:100,張善英,2
2026-09-12,중화권,14,character:119,徐如熙,2
2026-09-12,중화권,15,character:303,吳悠秀,2
2026-09-12,중화권,16,character:72,陳鈺琳,2
2026-09-12,중화권,17,character:2,李舒欣,2
2026-09-12,중화권,18,character:70,江郁涵,2
2026-09-12,중화권,19,character:329,崔潔怡,2
2026-09-12,중화권,20,character:253,江玥璃,2
2026-09-12,중화권,21,character:306,黃恩茱,2
2026-09-12,중화권,22,character:97,王曉妤,1
2026-09-12,중화권,23,character:99,趙美靜,1
2026-09-12,중화권,24,character:202,吳美熙,1
2026-09-12,중화권,25,character:229,劉美媛,1
2026-09-12,중화권,26,character:118,白采媛,1
2026-09-12,중화권,27,character:60,詹希橙,1
2026-09-12,중화권,28,character:258,高佑美,1
2026-09-12,중화권,29,character:170,徐筱妍,1
2026-09-12,중화권,30,character:165,夏晴天,1
2026-09-12,중화권,31,character:262,涂藝恩,1
2026-09-12,중화권,32,character:251,林筱君,1
2026-09-12,중화권,33,character:268,趙書允,1
2026-09-12,중화권,34,character:89,劉達莉,1
2026-09-12,중화권,35,character:254,李宥利,1
2026-09-12,중화권,36,character:299,陳佳儀,1
2026-09-12,중화권,37,character:80,貝爾迪亞,1
2026-09-12,중화권,38,character:273,潘惠媛,1
2026-09-12,중화권,39,character:235,周薇亞,1
2026-09-12,중화권,40,character:137,李瑄雅,1
2026-09-12,중화권,41,character:93,韓秀珍,1
2026-09-12,중화권,42,character:317,費歐娜,1
2026-09-12,북미·글로벌,1,character:1,Ah-yeong Shin,6
2026-09-12,북미·글로벌,2,character:129,Hailey Eun,5
2026-09-12,북미·글로벌,3,character:348,Gwen Yoon,4
2026-09-12,북미·글로벌,4,content:101,Stranded on a Desert Island With My Bullies,4
2026-09-12,북미·글로벌,5,character:2,Soo-yeon Kang,3
2026-09-12,북미·글로벌,6,character:226,Melissa Lee,3
2026-09-12,북미·글로벌,7,character:247,Na-hyun Na,2
2026-09-12,북미·글로벌,8,character:97,Su-min Cha,2
2026-09-12,북미·글로벌,9,character:133,Grace Kim,2
2026-09-12,북미·글로벌,10,character:174,Samantha Ko,1
2026-09-12,북미·글로벌,11,character:176,Ga-yeong Han,1
2026-09-12,북미·글로벌,12,character:118,Ava Park,1
2026-09-12,북미·글로벌,13,character:249,Jessica Park,1
2026-09-12,북미·글로벌,14,character:221,Eun-ae Cha,1
2026-09-12,북미·글로벌,15,character:297,Erin Lee,1
2026-09-12,북미·글로벌,16,character:280,Ah-yeong Cho,1
2026-09-12,북미·글로벌,17,character:284,Yulia Oh,1
2026-09-12,북미·글로벌,18,character:60,Hee-jin Han,1
2026-09-13,한국,1,character:133,김고은,213
2026-09-13,한국,2,character:508,최아영,122
2026-09-13,한국,3,character:240,이소희,67
2026-09-13,한국,4,character:253,한유리,48
2026-09-13,한국,5,character:99,조미경,41
2026-09-13,한국,6,character:100,장선영,38
2026-09-13,한국,7,character:314,한유라,30
2026-09-13,한국,8,character:1,신아영,29
2026-09-13,한국,9,character:61,한나리,22
2026-09-13,한국,10,character:129,은혜,20
2026-09-13,한국,11,character:70,박다영,11
2026-09-13,한국,12,character:315,다희,11
2026-09-13,한국,13,content:101,일진녀들과 무인도에서 살아남기,11
2026-09-13,한국,14,content:106,"구조선 도착까지, 앞으로 93년",11
2026-09-13,한국,15,character:292,조민주,9
2026-09-13,한국,16,character:347,유소희,9
2026-09-13,한국,17,character:258,고유미,9
2026-09-13,한국,18,content:105,밀프 아일랜드 우리 아내는 안 넘어갑니다,9
2026-09-13,한국,19,character:170,서도연,8
2026-09-13,한국,20,character:118,박채원,8
2026-09-13,한국,21,character:72,이예린,7
2026-09-13,한국,22,character:306,김은주,6
2026-09-13,한국,23,content:6,회귀한 색마는 정파 후기지수가 되었다,6
2026-09-13,한국,24,character:262,도예은,5
2026-09-13,한국,25,character:291,차진희,5
2026-09-13,한국,26,character:132,정소은,5
2026-09-13,한국,27,character:249,박유미,5
2026-09-13,한국,28,character:139,엄자영,5
2026-09-13,한국,29,character:97,차수민,5
2026-09-13,한국,30,character:297,이다미,4
2026-09-13,한국,31,character:119,서민희,4
2026-09-13,한국,32,character:317,피오나,4
2026-09-13,한국,33,character:268,주서윤,4
2026-09-13,한국,34,character:93,한수진,4
2026-09-13,한국,35,character:247,나나현,4
2026-09-13,한국,36,character:73,서나리,3
2026-09-13,한국,37,character:74,허유희,3
2026-09-13,한국,38,character:91,허민,3
2026-09-13,한국,39,character:169,김윤아,3
2026-09-13,한국,40,character:173,유소담,3
2026-09-13,한국,41,character:80,베르디아,3
2026-09-13,한국,42,character:177,백가인,3
2026-09-13,한국,43,character:256,김민지,3
2026-09-13,한국,44,character:296,김지민,3
2026-09-13,한국,45,character:60,한희진,3
2026-09-13,한국,46,character:176,한가영,3
2026-09-13,한국,47,character:96,정고은,2
2026-09-13,한국,48,character:89,유달리,2
2026-09-13,한국,49,character:71,김가을,2
2026-09-13,한국,50,character:221,정은애,2
2026-09-13,일본,1,character:229,木村多恵,42
2026-09-13,일본,2,character:133,矢野 栄子,41
2026-09-13,일본,3,character:99,日向春香,27
2026-09-13,일본,4,character:256,飯村香澄,26
2026-09-13,일본,5,character:1,下北愛梨,21
2026-09-13,일본,6,content:102,ヤンキー女子たちと無人島で生き残る,19
2026-09-13,일본,7,character:329,竿田真由美,16
2026-09-13,일본,8,character:291,竹田千夏,14
2026-09-13,일본,9,character:10000003,有村京香,12
2026-09-13,일본,10,character:38,橋本美華,12
2026-09-13,일본,11,content:6,回帰した色魔は正派期待の新鋭となった,11
2026-09-13,일본,12,character:139,高橋真美,9
2026-09-13,일본,13,character:265,西村美嘉,8
2026-09-13,일본,14,character:315,佐々木由紀,7
2026-09-13,일본,15,character:293,高橋夕里,7
2026-09-13,일본,16,character:258,板野由美,6
2026-09-13,일본,17,character:297,西本美幸,5
2026-09-13,일본,18,character:129,恩田恵奈,5
2026-09-13,일본,19,character:167,武田京子,5
2026-09-13,일본,20,character:77,西沢みな,4
2026-09-13,일본,21,character:176,春川霞,4
2026-09-13,일본,22,character:10000000,新庄まりな,3
2026-09-13,일본,23,character:130,レイ,3
2026-09-13,일본,24,character:162,白石祐里,3
2026-09-13,일본,25,character:522,久保田美桜,3
2026-09-13,일본,26,character:182,倖田梓,3
2026-09-13,일본,27,character:316,青木里香,3
2026-09-13,일본,28,character:348,ユン・カラム,3
2026-09-13,일본,29,character:119,藤田瑠華,3
2026-09-13,일본,30,character:70,坂口美帆,3
2026-09-13,일본,31,character:146,堂本美結,2
2026-09-13,일본,32,character:262,稲村玲華,2
2026-09-13,일본,33,character:317,ピオナ,2
2026-09-13,일본,34,character:8,近藤結花,2
2026-09-13,일본,35,character:294,葛西陽菜乃,2
2026-09-13,일본,36,character:290,浅田由麻,2
2026-09-13,일본,37,character:306,清水琴葉,1
2026-09-13,일본,38,character:2,稲場理子,1
2026-09-13,일본,39,character:60,橋本美優,1
2026-09-13,일본,40,character:165,伊延蒼空,1
2026-09-13,일본,41,character:292,池上彩乃,1
2026-09-13,일본,42,character:254,井口由良,1
2026-09-13,일본,43,character:97,島田美里,1
2026-09-13,일본,44,character:93,市村紗季,1
2026-09-13,일본,45,character:131,エリス,1
2026-09-13,일본,46,character:173,西村雅,1
2026-09-13,일본,47,character:177,栗原愛里,1
2026-09-13,일본,48,character:94,小峰未奈,1
2026-09-13,일본,49,character:303,浜辺涼子,1
2026-09-13,일본,50,character:257,園田千里,1
2026-09-13,중화권,1,character:315,多熙,22
2026-09-13,중화권,2,character:61,林映純,12
2026-09-13,중화권,3,character:265,韓瑞賢,9
2026-09-13,중화권,4,character:170,徐筱妍,7
2026-09-13,중화권,5,character:522,杜嘉恩,6
2026-09-13,중화권,6,character:1,林依潔,6
2026-09-13,중화권,7,character:129,殷霏,6
2026-09-13,중화권,8,character:99,趙美靜,4
2026-09-13,중화권,9,character:258,高佑美,3
2026-09-13,중화권,10,character:100,張善英,3
2026-09-13,중화권,11,character:348,林嘉藍,3
2026-09-13,중화권,12,character:284,吳喬俐,3
2026-09-13,중화권,13,character:133,簡可優,3
2026-09-13,중화권,14,character:81,塞西莉亞,2
2026-09-13,중화권,15,character:226,李美英,2
2026-09-13,중화권,16,character:96,鄭高恩,2
2026-09-13,중화권,17,character:221,鄭恩愛,2
2026-09-13,중화권,18,character:251,林筱君,1
2026-09-13,중화권,19,character:299,陳佳儀,1
2026-09-13,중화권,20,character:2,李舒欣,1
2026-09-13,중화권,21,character:77,徐敏娜,1
2026-09-13,중화권,22,character:118,白采媛,1
2026-09-13,중화권,23,character:303,吳悠秀,1
2026-09-13,중화권,24,character:176,江茹萱,1
2026-09-13,중화권,25,character:235,周薇亞,1
2026-09-13,중화권,26,character:329,崔潔怡,1
2026-09-13,중화권,27,character:253,江玥璃,1
2026-09-13,중화권,28,character:139,嚴安雅,1
2026-09-13,중화권,29,character:177,白佳貞,1
2026-09-13,중화권,30,character:297,李多美,1
2026-09-13,중화권,31,character:89,劉達莉,1
2026-09-13,북미·글로벌,1,content:101,Stranded on a Desert Island With My Bullies,10
2026-09-13,북미·글로벌,2,character:72,Ye-lynn Lee,6
2026-09-13,북미·글로벌,3,character:258,Yara Ko,4
2026-09-13,북미·글로벌,4,character:119,Roxy Seo,3
2026-09-13,북미·글로벌,5,character:77,Mi-na Seo,3
2026-09-13,북미·글로벌,6,character:133,Grace Kim,2
2026-09-13,북미·글로벌,7,character:70,Da-yeong Park,2
2026-09-13,북미·글로벌,8,character:506,Runa,2
2026-09-13,북미·글로벌,9,character:348,Gwen Yoon,2
2026-09-13,북미·글로벌,10,character:76,Hyun-joo Bae,2
2026-09-13,북미·글로벌,11,character:74,Yu-hee Heo,2
2026-09-13,북미·글로벌,12,character:1,Ah-yeong Shin,2
2026-09-13,북미·글로벌,13,character:8,Hye-yun Yoon,1
2026-09-13,북미·글로벌,14,character:220,So-da Min,1
2026-09-13,북미·글로벌,15,character:81,Cecilia,1
2026-09-13,북미·글로벌,16,character:268,Sarah Joo,1
2026-09-13,북미·글로벌,17,character:131,Alice,1
2026-09-13,북미·글로벌,18,character:62,Eun-hee Yu,1
2026-09-13,북미·글로벌,19,character:284,Yulia Oh,1
2026-09-13,북미·글로벌,20,character:60,Hee-jin Han,1
2026-09-13,북미·글로벌,21,character:97,Su-min Cha,1
2026-09-13,북미·글로벌,22,character:235,Mi-ah Cha,1
2026-09-13,북미·글로벌,23,character:91,Minnie Heo,1
2026-09-13,북미·글로벌,24,character:221,Eun-ae Cha,1
2026-09-13,북미·글로벌,25,character:240,So-hee Lee,1
2026-09-15,한국,1,character:133,김고은,93
2026-09-15,한국,2,character:508,최아영,92
2026-09-15,한국,3,character:99,조미경,59
2026-09-15,한국,4,character:221,정은애,50
2026-09-15,한국,5,character:240,이소희,40
2026-09-15,한국,6,character:61,한나리,31
2026-09-15,한국,7,character:100,장선영,24
2026-09-15,한국,8,character:1,신아영,24
2026-09-15,한국,9,character:314,한유라,22
2026-09-15,한국,10,content:101,일진녀들과 무인도에서 살아남기,17
2026-09-15,한국,11,content:105,밀프 아일랜드 우리 아내는 안 넘어갑니다,16
2026-09-15,한국,12,character:93,한수진,15
2026-09-15,한국,13,character:315,다희,15
2026-09-15,한국,14,character:118,박채원,14
2026-09-15,한국,15,content:106,"구조선 도착까지, 앞으로 93년",12
2026-09-15,한국,16,character:129,은혜,11
2026-09-15,한국,17,character:119,서민희,11
2026-09-15,한국,18,character:292,조민주,10
2026-09-15,한국,19,character:258,고유미,10
2026-09-15,한국,20,character:97,차수민,9
2026-09-15,한국,21,character:226,이미예,8
2026-09-15,한국,22,character:347,유소희,8
2026-09-15,한국,23,character:176,한가영,7
2026-09-15,한국,24,character:132,정소은,7
2026-09-15,한국,25,character:229,유정원,7
2026-09-15,한국,26,character:139,엄자영,6
2026-09-15,한국,27,character:72,이예린,6
2026-09-15,한국,28,character:70,박다영,6
2026-09-15,한국,29,character:130,레이,6
2026-09-15,한국,30,character:265,한서현,5
2026-09-15,한국,31,character:290,박소민,5
2026-09-15,한국,32,character:249,박유미,5
2026-09-15,한국,33,character:170,서도연,4
2026-09-15,한국,34,character:522,금보라,4
2026-09-15,한국,35,character:71,김가을,4
2026-09-15,한국,36,character:260,서혜정,4
2026-09-15,한국,37,character:317,피오나,4
2026-09-15,한국,38,character:296,김지민,4
2026-09-15,한국,39,character:76,배현주,4
2026-09-15,한국,40,character:291,차진희,4
2026-09-15,한국,41,character:73,서나리,3
2026-09-15,한국,42,character:96,정고은,3
2026-09-15,한국,43,character:77,서미나,3
2026-09-15,한국,44,character:235,차미아,3
2026-09-15,한국,45,character:228,오다현,3
2026-09-15,한국,46,character:299,한가연,3
2026-09-15,한국,47,character:2,강수연,3
2026-09-15,한국,48,character:253,한유리,3
2026-09-15,한국,49,content:6,회귀한 색마는 정파 후기지수가 되었다,3
2026-09-15,한국,50,character:177,백가인,2
2026-09-15,일본,1,character:297,西本美幸,44
2026-09-15,일본,2,character:133,矢野 栄子,32
2026-09-15,일본,3,character:1,下北愛梨,25
2026-09-15,일본,4,character:256,飯村香澄,21
2026-09-15,일본,5,content:102,ヤンキー女子たちと無人島で生き残る,16
2026-09-15,일본,6,character:291,竹田千夏,15
2026-09-15,일본,7,character:265,西村美嘉,15
2026-09-15,일본,8,character:329,竿田真由美,14
2026-09-15,일본,9,content:6,回帰した色魔は正派期待の新鋭となった,14
2026-09-15,일본,10,character:99,日向春香,9
2026-09-15,일본,11,character:258,板野由美,9
2026-09-15,일본,12,character:522,久保田美桜,7
2026-09-15,일본,13,character:38,橋本美華,7
2026-09-15,일본,14,character:76,保坂白雪,5
2026-09-15,일본,15,character:94,小峰未奈,4
2026-09-15,일본,16,character:10000003,有村京香,4
2026-09-15,일본,17,character:294,葛西陽菜乃,4
2026-09-15,일본,18,character:162,白石祐里,3
2026-09-15,일본,19,character:97,島田美里,3
2026-09-15,일본,20,character:227,成澤澪,3
2026-09-15,일본,21,character:78,渡辺りん,3
2026-09-15,일본,22,character:293,高橋夕里,3
2026-09-15,일본,23,character:182,倖田梓,3
2026-09-15,일본,24,character:129,恩田恵奈,3
2026-09-15,일본,25,character:290,浅田由麻,3
2026-09-15,일본,26,character:176,春川霞,3
2026-09-15,일본,27,character:229,木村多恵,2
2026-09-15,일본,28,character:240,菅野真美,2
2026-09-15,일본,29,character:10000000,新庄まりな,2
2026-09-15,일본,30,character:315,佐々木由紀,2
2026-09-15,일본,31,character:100,ジャン・ソニョン,2
2026-09-15,일본,32,character:257,園田千里,2
2026-09-15,일본,33,character:81,セシリア,2
2026-09-15,일본,34,character:167,武田京子,2
2026-09-15,일본,35,character:80,ベルディア,2
2026-09-15,일본,36,character:316,青木里香,2
2026-09-15,일본,37,character:169,金子里沙,2
2026-09-15,일본,38,character:154,クァク・ドイム,1
2026-09-15,일본,39,character:62,金澤智佳,1
2026-09-15,일본,40,character:299,霧島真紀,1
2026-09-15,일본,41,character:264,内田莉子,1
2026-09-15,일본,42,character:77,西沢みな,1
2026-09-15,일본,43,character:121,小川日奈,1
2026-09-15,일본,44,character:348,ユン・カラム,1
2026-09-15,일본,45,character:119,藤田瑠華,1
2026-09-15,일본,46,character:74,秋山紗妃,1
2026-09-15,일본,47,character:226,新家美絵,1
2026-09-15,일본,48,character:61,池上朱里,1
2026-09-15,일본,49,character:118,坂本凪咲,1
2026-09-15,일본,50,character:131,エリス,1
2026-09-15,중화권,1,character:292,趙敏珠,15
2026-09-15,중화권,2,character:250,羅心如,11
2026-09-15,중화권,3,character:315,多熙,7
2026-09-15,중화권,4,character:61,林映純,6
2026-09-15,중화권,5,character:133,簡可優,5
2026-09-15,중화권,6,character:129,殷霏,5
2026-09-15,중화권,7,character:258,高佑美,3
2026-09-15,중화권,8,character:76,楊佳穎,2
2026-09-15,중화권,9,character:1,林依潔,2
2026-09-15,중화권,10,character:297,李多美,2
2026-09-15,중화권,11,character:265,韓瑞賢,2
2026-09-15,중화권,12,character:290,夏恩妮,2
2026-09-15,중화권,13,character:74,何宥拉,1
2026-09-15,중화권,14,character:72,陳鈺琳,1
2026-09-15,중화권,15,character:100,張善英,1
2026-09-15,중화권,16,character:262,涂藝恩,1
2026-09-15,중화권,17,character:80,貝爾迪亞,1
2026-09-15,중화권,18,character:174,高秀妍,1
2026-09-15,중화권,19,character:131,艾莉絲,1
2026-09-15,중화권,20,character:284,吳喬俐,1
2026-09-15,중화권,21,character:251,林筱君,1
2026-09-15,중화권,22,character:522,杜嘉恩,1
2026-09-15,중화권,23,character:70,江郁涵,1
2026-09-15,중화권,24,character:139,嚴安雅,1
2026-09-15,중화권,25,character:248,洪丹菲,1
2026-09-15,중화권,26,character:221,鄭恩愛,1
2026-09-15,중화권,27,character:273,潘惠媛,1
2026-09-15,중화권,28,character:229,劉美媛,1
2026-09-15,중화권,29,character:329,崔潔怡,1
2026-09-15,중화권,30,character:348,林嘉藍,1
2026-09-15,중화권,31,character:119,徐如熙,1
2026-09-15,중화권,32,character:261,庭佳,1
2026-09-15,북미·글로벌,1,character:139,Celine Eom,5
2026-09-15,북미·글로벌,2,character:221,Eun-ae Cha,4
2026-09-15,북미·글로벌,3,character:523,Da-hee,4
2026-09-15,북미·글로벌,4,content:101,Stranded on a Desert Island With My Bullies,4
2026-09-15,북미·글로벌,5,character:133,Grace Kim,3
2026-09-15,북미·글로벌,6,character:265,Seo-hyun Han,2
2026-09-15,북미·글로벌,7,character:281,Yeon-ah Na,2
2026-09-15,북미·글로벌,8,character:284,Yulia Oh,2
2026-09-15,북미·글로벌,9,character:97,Su-min Cha,2
2026-09-15,북미·글로벌,10,character:77,Mi-na Seo,2
2026-09-15,북미·글로벌,11,character:119,Roxy Seo,1
2026-09-15,북미·글로벌,12,character:78,Se-ha Yoo,1
2026-09-15,북미·글로벌,13,character:297,Erin Lee,1
2026-09-15,북미·글로벌,14,character:507,So-hee Yoo,1
2026-09-15,북미·글로벌,15,character:235,Mi-ah Cha,1
2026-09-15,북미·글로벌,16,character:348,Gwen Yoon,1
2026-09-15,북미·글로벌,17,character:100,Sun-yeong Ahn,1
2026-09-15,북미·글로벌,18,character:1,Ah-yeong Shin,1
2026-09-15,북미·글로벌,19,character:177,Ga-in Baik,1
2026-09-15,북미·글로벌,20,character:131,Alice,1
